[{"model": "admin.logentry", "pk": 1, "fields": {"action_time": "2021-12-19T15:40:27.284Z", "user": 1, "content_type": 10, "object_id": "1", "object_repr": "/django-media/pictures/_MG_0677.JPG", "action_flag": 1, "change_message": "[{\"added\": {}}]"}}, {"model": "admin.logentry", "pk": 2, "fields": {"action_time": "2021-12-19T15:40:46.504Z", "user": 1, "content_type": 9, "object_id": "1", "object_repr": "Farhad Hossain", "action_flag": 1, "change_message": "[{\"added\": {}}]"}}, {"model": "admin.logentry", "pk": 3, "fields": {"action_time": "2021-12-19T15:45:54.800Z", "user": 1, "content_type": 9, "object_id": "1", "object_repr": "Farhad Hossain", "action_flag": 2, "change_message": "[{\"changed\": {\"fields\": [\"Profile picture\"]}}]"}}, {"model": "admin.logentry", "pk": 4, "fields": {"action_time": "2021-12-19T15:49:23.678Z", "user": 1, "content_type": 11, "object_id": "1", "object_repr": "1", "action_flag": 1, "change_message": "[{\"added\": {}}]"}}, {"model": "admin.logentry", "pk": 5, "fields": {"action_time": "2021-12-19T15:49:25.658Z", "user": 1, "content_type": 9, "object_id": "1", "object_repr": "Farhad Hossain", "action_flag": 2, "change_message": "[{\"changed\": {\"fields\": [\"Present address\"]}}]"}}, {"model": "admin.logentry", "pk": 6, "fields": {"action_time": "2021-12-19T15:49:32.768Z", "user": 1, "content_type": 9, "object_id": "1", "object_repr": "Farhad Hossain", "action_flag": 2, "change_message": "[{\"changed\": {\"fields\": [\"Permanent address\"]}}]"}}, {"model": "admin.logentry", "pk": 7, "fields": {"action_time": "2022-01-16T15:16:59.580Z", "user": 1, "content_type": 9, "object_id": "103", "object_repr": "Claire Manning", "action_flag": 2, "change_message": "[]"}}, {"model": "admin.logentry", "pk": 8, "fields": {"action_time": "2022-01-18T09:13:15.628Z", "user": 1, "content_type": 9, "object_id": "103", "object_repr": "Claire Manning", "action_flag": 2, "change_message": "[{\"changed\": {\"fields\": [\"Session\"]}}]"}}, {"model": "admin.logentry", "pk": 9, "fields": {"action_time": "2022-01-18T09:13:20.624Z", "user": 1, "content_type": 9, "object_id": "103", "object_repr": "Claire Manning", "action_flag": 2, "change_message": "[{\"changed\": {\"fields\": [\"Session\"]}}]"}}, {"model": "admin.logentry", "pk": 10, "fields": {"action_time": "2022-01-18T09:14:27.003Z", "user": 1, "content_type": 9, "object_id": "103", "object_repr": "Claire Manning", "action_flag": 2, "change_message": "[{\"changed\": {\"fields\": [\"Session\"]}}]"}}, {"model": "admin.logentry", "pk": 11, "fields": {"action_time": "2022-01-18T09:14:54.331Z", "user": 1, "content_type": 9, "object_id": "103", "object_repr": "Claire Manning", "action_flag": 2, "change_message": "[]"}}, {"model": "admin.logentry", "pk": 12, "fields": {"action_time": "2022-01-18T09:15:50.545Z", "user": 1, "content_type": 9, "object_id": "103", "object_repr": "Claire Manning", "action_flag": 2, "change_message": "[]"}}, {"model": "admin.logentry", "pk": 13, "fields": {"action_time": "2022-01-18T09:18:06.679Z", "user": 1, "content_type": 9, "object_id": "103", "object_repr": "Claire Manning", "action_flag": 2, "change_message": "[]"}}, {"model": "admin.logentry", "pk": 14, "fields": {"action_time": "2022-01-18T09:19:26.958Z", "user": 1, "content_type": 9, "object_id": "103", "object_repr": "Claire Manning", "action_flag": 2, "change_message": "[]"}}, {"model": "admin.logentry", "pk": 15, "fields": {"action_time": "2022-01-18T09:19:35.333Z", "user": 1, "content_type": 9, "object_id": "103", "object_repr": "Claire Manning", "action_flag": 2, "change_message": "[]"}}, {"model": "admin.logentry", "pk": 16, "fields": {"action_time": "2022-01-18T18:29:15.667Z", "user": 1, "content_type": 9, "object_id": "103", "object_repr": "Claire Manning", "action_flag": 2, "change_message": "[{\"changed\": {\"fields\": [\"Profile picture\"]}}]"}}, {"model": "admin.logentry", "pk": 17, "fields": {"action_time": "2022-01-18T18:33:20.967Z", "user": 1, "content_type": 10, "object_id": "2", "object_repr": "/django-media/pictures/IMG_20211223_204412.jpg", "action_flag": 1, "change_message": "[{\"added\": {}}]"}}, {"model": "admin.logentry", "pk": 18, "fields": {"action_time": "2022-01-18T18:33:22.871Z", "user": 1, "content_type": 9, "object_id": "103", "object_repr": "Claire Manning", "action_flag": 2, "change_message": "[{\"changed\": {\"fields\": [\"Profile picture\"]}}]"}}, {"model": "admin.logentry", "pk": 19, "fields": {"action_time": "2022-01-18T18:34:24.021Z", "user": 1, "content_type": 9, "object_id": "82", "object_repr": "Lareina Santana", "action_flag": 2, "change_message": "[{\"changed\": {\"fields\": [\"Session\", \"Profile picture\"]}}]"}}, {"model": "admin.logentry", "pk": 20, "fields": {"action_time": "2022-01-18T18:35:07.637Z", "user": 1, "content_type": 10, "object_id": "3", "object_repr": "/django-media/pictures/1639736585072.jpg", "action_flag": 1, "change_message": "[{\"added\": {}}]"}}, {"model": "admin.logentry", "pk": 21, "fields": {"action_time": "2022-01-18T18:35:12.662Z", "user": 1, "content_type": 9, "object_id": "96", "object_repr": "Reed Browning", "action_flag": 2, "change_message": "[{\"changed\": {\"fields\": [\"Session\", \"Profile picture\"]}}]"}}, {"model": "admin.logentry", "pk": 22, "fields": {"action_time": "2022-01-18T18:36:34.212Z", "user": 1, "content_type": 10, "object_id": "4", "object_repr": "/django-media/pictures/IMG_20211204_131745.jpg", "action_flag": 1, "change_message": "[{\"added\": {}}]"}}, {"model": "admin.logentry", "pk": 23, "fields": {"action_time": "2022-01-18T18:36:39.580Z", "user": 1, "content_type": 9, "object_id": "99", "object_repr": "Unity Reynolds", "action_flag": 2, "change_message": "[{\"changed\": {\"fields\": [\"Session\", \"Profile picture\"]}}]"}}, {"model": "admin.logentry", "pk": 24, "fields": {"action_time": "2022-01-18T18:37:59.696Z", "user": 1, "content_type": 9, "object_id": "100", "object_repr": "Lydia Mcleod", "action_flag": 2, "change_message": "[{\"changed\": {\"fields\": [\"Session\"]}}]"}}, {"model": "admin.logentry", "pk": 25, "fields": {"action_time": "2022-01-18T18:38:15.840Z", "user": 1, "content_type": 9, "object_id": "101", "object_repr": "Abra Stevens", "action_flag": 2, "change_message": "[{\"changed\": {\"fields\": [\"Session\"]}}]"}}, {"model": "admin.logentry", "pk": 26, "fields": {"action_time": "2022-01-18T19:38:53.096Z", "user": 1, "content_type": 9, "object_id": "97", "object_repr": "Coby Ramirez", "action_flag": 2, "change_message": "[{\"changed\": {\"fields\": [\"Session\"]}}]"}}, {"model": "admin.logentry", "pk": 27, "fields": {"action_time": "2022-01-18T19:39:01.610Z", "user": 1, "content_type": 9, "object_id": "102", "object_repr": "Lance Austin", "action_flag": 2, "change_message": "[{\"changed\": {\"fields\": [\"Session\"]}}]"}}, {"model": "admin.logentry", "pk": 28, "fields": {"action_time": "2022-01-18T19:39:08.108Z", "user": 1, "content_type": 9, "object_id": "99", "object_repr": "Unity Reynolds", "action_flag": 2, "change_message": "[{\"changed\": {\"fields\": [\"Session\"]}}]"}}, {"model": "admin.logentry", "pk": 29, "fields": {"action_time": "2022-01-18T19:39:14.890Z", "user": 1, "content_type": 9, "object_id": "98", "object_repr": "Caryn Erickson", "action_flag": 2, "change_message": "[{\"changed\": {\"fields\": [\"Session\"]}}]"}}, {"model": "admin.logentry", "pk": 30, "fields": {"action_time": "2022-01-18T19:39:27.195Z", "user": 1, "content_type": 9, "object_id": "94", "object_repr": "Jasmine Herring", "action_flag": 2, "change_message": "[{\"changed\": {\"fields\": [\"Session\"]}}]"}}, {"model": "admin.logentry", "pk": 31, "fields": {"action_time": "2022-01-18T19:39:36.937Z", "user": 1, "content_type": 9, "object_id": "91", "object_repr": "Louis Duke", "action_flag": 2, "change_message": "[{\"changed\": {\"fields\": [\"Session\"]}}]"}}, {"model": "admin.logentry", "pk": 32, "fields": {"action_time": "2022-01-18T20:36:58.909Z", "user": 1, "content_type": 10, "object_id": "5", "object_repr": "/django-media/pictures/1639736585072_K1Q984x.jpg", "action_flag": 1, "change_message": "[{\"added\": {}}]"}}, {"model": "admin.logentry", "pk": 33, "fields": {"action_time": "2022-01-18T20:37:00.126Z", "user": 1, "content_type": 12, "object_id": "1", "object_repr": "Octa Core", "action_flag": 1, "change_message": "[{\"added\": {}}]"}}, {"model": "admin.logentry", "pk": 34, "fields": {"action_time": "2022-01-18T20:37:12.546Z", "user": 1, "content_type": 12, "object_id": "1", "object_repr": "Octa Core", "action_flag": 2, "change_message": "[{\"changed\": {\"fields\": [\"Session\"]}}]"}}, {"model": "admin.logentry", "pk": 35, "fields": {"action_time": "2022-01-18T20:37:38.711Z", "user": 1, "content_type": 12, "object_id": "1", "object_repr": "Octa Core", "action_flag": 2, "change_message": "[{\"changed\": {\"fields\": [\"Session\"]}}]"}}, {"model": "admin.logentry", "pk": 36, "fields": {"action_time": "2022-01-18T20:39:09.567Z", "user": 1, "content_type": 9, "object_id": "103", "object_repr": "Claire Manning", "action_flag": 2, "change_message": "[{\"changed\": {\"fields\": [\"Batch\"]}}]"}}, {"model": "admin.logentry", "pk": 37, "fields": {"action_time": "2022-01-18T20:39:43.189Z", "user": 1, "content_type": 12, "object_id": "2", "object_repr": "2016 - 17", "action_flag": 1, "change_message": "[{\"added\": {}}]"}}, {"model": "admin.logentry", "pk": 38, "fields": {"action_time": "2022-01-18T20:39:49.659Z", "user": 1, "content_type": 9, "object_id": "102", "object_repr": "Lance Austin", "action_flag": 2, "change_message": "[{\"changed\": {\"fields\": [\"Batch\"]}}]"}}, {"model": "admin.logentry", "pk": 39, "fields": {"action_time": "2022-01-19T08:24:40.766Z", "user": 1, "content_type": 12, "object_id": "3", "object_repr": "2015 - 16", "action_flag": 1, "change_message": "[{\"added\": {}}]"}}, {"model": "admin.logentry", "pk": 40, "fields": {"action_time": "2022-01-19T08:25:33.768Z", "user": 1, "content_type": 12, "object_id": "4", "object_repr": "2010 - 11", "action_flag": 1, "change_message": "[{\"added\": {}}]"}}, {"model": "admin.logentry", "pk": 41, "fields": {"action_time": "2022-01-19T08:28:10.948Z", "user": 1, "content_type": 12, "object_id": "5", "object_repr": "2011 - 12", "action_flag": 1, "change_message": "[{\"added\": {}}]"}}, {"model": "admin.logentry", "pk": 42, "fields": {"action_time": "2022-01-26T14:24:42.292Z", "user": 1, "content_type": 12, "object_id": "5", "object_repr": "2011-12", "action_flag": 2, "change_message": "[{\"changed\": {\"fields\": [\"Session\"]}}]"}}, {"model": "admin.logentry", "pk": 43, "fields": {"action_time": "2022-01-26T14:24:47.638Z", "user": 1, "content_type": 12, "object_id": "4", "object_repr": "2010-11", "action_flag": 2, "change_message": "[{\"changed\": {\"fields\": [\"Session\"]}}]"}}, {"model": "admin.logentry", "pk": 44, "fields": {"action_time": "2022-01-26T14:24:53.327Z", "user": 1, "content_type": 12, "object_id": "3", "object_repr": "2015-16", "action_flag": 2, "change_message": "[{\"changed\": {\"fields\": [\"Session\"]}}]"}}, {"model": "admin.logentry", "pk": 45, "fields": {"action_time": "2022-01-26T14:24:58.161Z", "user": 1, "content_type": 12, "object_id": "2", "object_repr": "2016-17", "action_flag": 2, "change_message": "[{\"changed\": {\"fields\": [\"Session\"]}}]"}}, {"model": "admin.logentry", "pk": 46, "fields": {"action_time": "2022-01-26T14:25:02.450Z", "user": 1, "content_type": 12, "object_id": "1", "object_repr": "2017-18", "action_flag": 2, "change_message": "[{\"changed\": {\"fields\": [\"Session\"]}}]"}}, {"model": "admin.logentry", "pk": 47, "fields": {"action_time": "2022-01-26T14:26:07.386Z", "user": 1, "content_type": 12, "object_id": "6", "object_repr": "2012-13", "action_flag": 1, "change_message": "[{\"added\": {}}]"}}, {"model": "admin.logentry", "pk": 48, "fields": {"action_time": "2022-01-26T14:26:17.508Z", "user": 1, "content_type": 12, "object_id": "7", "object_repr": "2013-14", "action_flag": 1, "change_message": "[{\"added\": {}}]"}}, {"model": "admin.logentry", "pk": 49, "fields": {"action_time": "2022-01-26T14:26:30.681Z", "user": 1, "content_type": 12, "object_id": "8", "object_repr": "2014-15", "action_flag": 1, "change_message": "[{\"added\": {}}]"}}, {"model": "admin.logentry", "pk": 50, "fields": {"action_time": "2022-01-26T14:54:26.833Z", "user": 1, "content_type": 9, "object_id": "101", "object_repr": "Abra Stevens", "action_flag": 2, "change_message": "[{\"changed\": {\"fields\": [\"Batch\"]}}]"}}, {"model": "admin.logentry", "pk": 51, "fields": {"action_time": "2022-01-26T14:54:34.594Z", "user": 1, "content_type": 9, "object_id": "100", "object_repr": "Lydia Mcleod", "action_flag": 2, "change_message": "[{\"changed\": {\"fields\": [\"Batch\"]}}]"}}, {"model": "admin.logentry", "pk": 52, "fields": {"action_time": "2022-01-26T14:54:41.415Z", "user": 1, "content_type": 9, "object_id": "99", "object_repr": "Unity Reynolds", "action_flag": 2, "change_message": "[{\"changed\": {\"fields\": [\"Batch\"]}}]"}}, {"model": "admin.logentry", "pk": 53, "fields": {"action_time": "2022-01-27T14:01:20.156Z", "user": 1, "content_type": 9, "object_id": "102", "object_repr": "Lance Austin", "action_flag": 2, "change_message": "[{\"changed\": {\"fields\": [\"Registration number\"]}}]"}}, {"model": "admin.logentry", "pk": 54, "fields": {"action_time": "2022-01-27T14:01:31.409Z", "user": 1, "content_type": 9, "object_id": "103", "object_repr": "Claire Manning", "action_flag": 2, "change_message": "[{\"changed\": {\"fields\": [\"Registration number\"]}}]"}}, {"model": "admin.logentry", "pk": 55, "fields": {"action_time": "2022-01-27T14:01:39.094Z", "user": 1, "content_type": 9, "object_id": "101", "object_repr": "Abra Stevens", "action_flag": 2, "change_message": "[{\"changed\": {\"fields\": [\"Registration number\"]}}]"}}, {"model": "admin.logentry", "pk": 56, "fields": {"action_time": "2022-01-27T14:01:54.356Z", "user": 1, "content_type": 9, "object_id": "100", "object_repr": "Lydia Mcleod", "action_flag": 2, "change_message": "[{\"changed\": {\"fields\": [\"Registration number\"]}}]"}}, {"model": "admin.logentry", "pk": 57, "fields": {"action_time": "2022-01-27T14:02:44.291Z", "user": 1, "content_type": 9, "object_id": "99", "object_repr": "Unity Reynolds", "action_flag": 2, "change_message": "[{\"changed\": {\"fields\": [\"Registration number\", \"Batch\"]}}]"}}, {"model": "admin.logentry", "pk": 58, "fields": {"action_time": "2022-01-31T09:03:06.564Z", "user": 1, "content_type": 12, "object_id": "4", "object_repr": "2010-11", "action_flag": 2, "change_message": "[{\"changed\": {\"fields\": [\"Batch pictures\"]}}]"}}, {"model": "admin.logentry", "pk": 59, "fields": {"action_time": "2022-01-31T09:08:06.953Z", "user": 1, "content_type": 10, "object_id": "6", "object_repr": "/django-media/pictures/78066988_2493866720731077_261436398769274880_n.jpg", "action_flag": 1, "change_message": "[{\"added\": {}}]"}}, {"model": "admin.logentry", "pk": 60, "fields": {"action_time": "2022-01-31T09:08:12.262Z", "user": 1, "content_type": 12, "object_id": "1", "object_repr": "2017-18", "action_flag": 2, "change_message": "[{\"changed\": {\"fields\": [\"Batch pictures\"]}}]"}}, {"model": "admin.logentry", "pk": 61, "fields": {"action_time": "2022-01-31T09:20:15.280Z", "user": 1, "content_type": 12, "object_id": "2", "object_repr": "2016-17", "action_flag": 2, "change_message": "[{\"changed\": {\"fields\": [\"Batch pictures\"]}}]"}}, {"model": "admin.logentry", "pk": 62, "fields": {"action_time": "2022-01-31T09:22:25.600Z", "user": 1, "content_type": 12, "object_id": "3", "object_repr": "2015-16", "action_flag": 2, "change_message": "[{\"changed\": {\"fields\": [\"Batch pictures\"]}}]"}}, {"model": "auth.permission", "pk": 1, "fields": {"name": "Can add log entry", "content_type": 1, "codename": "add_logentry"}}, {"model": "auth.permission", "pk": 2, "fields": {"name": "Can change log entry", "content_type": 1, "codename": "change_logentry"}}, {"model": "auth.permission", "pk": 3, "fields": {"name": "Can delete log entry", "content_type": 1, "codename": "delete_logentry"}}, {"model": "auth.permission", "pk": 4, "fields": {"name": "Can view log entry", "content_type": 1, "codename": "view_logentry"}}, {"model": "auth.permission", "pk": 5, "fields": {"name": "Can add permission", "content_type": 2, "codename": "add_permission"}}, {"model": "auth.permission", "pk": 6, "fields": {"name": "Can change permission", "content_type": 2, "codename": "change_permission"}}, {"model": "auth.permission", "pk": 7, "fields": {"name": "Can delete permission", "content_type": 2, "codename": "delete_permission"}}, {"model": "auth.permission", "pk": 8, "fields": {"name": "Can view permission", "content_type": 2, "codename": "view_permission"}}, {"model": "auth.permission", "pk": 9, "fields": {"name": "Can add group", "content_type": 3, "codename": "add_group"}}, {"model": "auth.permission", "pk": 10, "fields": {"name": "Can change group", "content_type": 3, "codename": "change_group"}}, {"model": "auth.permission", "pk": 11, "fields": {"name": "Can delete group", "content_type": 3, "codename": "delete_group"}}, {"model": "auth.permission", "pk": 12, "fields": {"name": "Can view group", "content_type": 3, "codename": "view_group"}}, {"model": "auth.permission", "pk": 13, "fields": {"name": "Can add content type", "content_type": 4, "codename": "add_contenttype"}}, {"model": "auth.permission", "pk": 14, "fields": {"name": "Can change content type", "content_type": 4, "codename": "change_contenttype"}}, {"model": "auth.permission", "pk": 15, "fields": {"name": "Can delete content type", "content_type": 4, "codename": "delete_contenttype"}}, {"model": "auth.permission", "pk": 16, "fields": {"name": "Can view content type", "content_type": 4, "codename": "view_contenttype"}}, {"model": "auth.permission", "pk": 17, "fields": {"name": "Can add session", "content_type": 5, "codename": "add_session"}}, {"model": "auth.permission", "pk": 18, "fields": {"name": "Can change session", "content_type": 5, "codename": "change_session"}}, {"model": "auth.permission", "pk": 19, "fields": {"name": "Can delete session", "content_type": 5, "codename": "delete_session"}}, {"model": "auth.permission", "pk": 20, "fields": {"name": "Can view session", "content_type": 5, "codename": "view_session"}}, {"model": "auth.permission", "pk": 21, "fields": {"name": "Can add Token", "content_type": 6, "codename": "add_token"}}, {"model": "auth.permission", "pk": 22, "fields": {"name": "Can change Token", "content_type": 6, "codename": "change_token"}}, {"model": "auth.permission", "pk": 23, "fields": {"name": "Can delete Token", "content_type": 6, "codename": "delete_token"}}, {"model": "auth.permission", "pk": 24, "fields": {"name": "Can view Token", "content_type": 6, "codename": "view_token"}}, {"model": "auth.permission", "pk": 25, "fields": {"name": "Can add token", "content_type": 7, "codename": "add_tokenproxy"}}, {"model": "auth.permission", "pk": 26, "fields": {"name": "Can change token", "content_type": 7, "codename": "change_tokenproxy"}}, {"model": "auth.permission", "pk": 27, "fields": {"name": "Can delete token", "content_type": 7, "codename": "delete_tokenproxy"}}, {"model": "auth.permission", "pk": 28, "fields": {"name": "Can view token", "content_type": 7, "codename": "view_tokenproxy"}}, {"model": "auth.permission", "pk": 29, "fields": {"name": "Can add user", "content_type": 8, "codename": "add_useraccount"}}, {"model": "auth.permission", "pk": 30, "fields": {"name": "Can change user", "content_type": 8, "codename": "change_useraccount"}}, {"model": "auth.permission", "pk": 31, "fields": {"name": "Can delete user", "content_type": 8, "codename": "delete_useraccount"}}, {"model": "auth.permission", "pk": 32, "fields": {"name": "Can view user", "content_type": 8, "codename": "view_useraccount"}}, {"model": "auth.permission", "pk": 33, "fields": {"name": "Can add alumni", "content_type": 9, "codename": "add_alumni"}}, {"model": "auth.permission", "pk": 34, "fields": {"name": "Can change alumni", "content_type": 9, "codename": "change_alumni"}}, {"model": "auth.permission", "pk": 35, "fields": {"name": "Can delete alumni", "content_type": 9, "codename": "delete_alumni"}}, {"model": "auth.permission", "pk": 36, "fields": {"name": "Can view alumni", "content_type": 9, "codename": "view_alumni"}}, {"model": "auth.permission", "pk": 37, "fields": {"name": "Can add picture", "content_type": 10, "codename": "add_picture"}}, {"model": "auth.permission", "pk": 38, "fields": {"name": "Can change picture", "content_type": 10, "codename": "change_picture"}}, {"model": "auth.permission", "pk": 39, "fields": {"name": "Can delete picture", "content_type": 10, "codename": "delete_picture"}}, {"model": "auth.permission", "pk": 40, "fields": {"name": "Can view picture", "content_type": 10, "codename": "view_picture"}}, {"model": "auth.permission", "pk": 41, "fields": {"name": "Can add address", "content_type": 11, "codename": "add_address"}}, {"model": "auth.permission", "pk": 42, "fields": {"name": "Can change address", "content_type": 11, "codename": "change_address"}}, {"model": "auth.permission", "pk": 43, "fields": {"name": "Can delete address", "content_type": 11, "codename": "delete_address"}}, {"model": "auth.permission", "pk": 44, "fields": {"name": "Can view address", "content_type": 11, "codename": "view_address"}}, {"model": "auth.permission", "pk": 45, "fields": {"name": "Can add batch", "content_type": 12, "codename": "add_batch"}}, {"model": "auth.permission", "pk": 46, "fields": {"name": "Can change batch", "content_type": 12, "codename": "change_batch"}}, {"model": "auth.permission", "pk": 47, "fields": {"name": "Can delete batch", "content_type": 12, "codename": "delete_batch"}}, {"model": "auth.permission", "pk": 48, "fields": {"name": "Can view batch", "content_type": 12, "codename": "view_batch"}}, {"model": "contenttypes.contenttype", "pk": 1, "fields": {"app_label": "admin", "model": "logentry"}}, {"model": "contenttypes.contenttype", "pk": 2, "fields": {"app_label": "auth", "model": "permission"}}, {"model": "contenttypes.contenttype", "pk": 3, "fields": {"app_label": "auth", "model": "group"}}, {"model": "contenttypes.contenttype", "pk": 4, "fields": {"app_label": "contenttypes", "model": "contenttype"}}, {"model": "contenttypes.contenttype", "pk": 5, "fields": {"app_label": "sessions", "model": "session"}}, {"model": "contenttypes.contenttype", "pk": 6, "fields": {"app_label": "authtoken", "model": "token"}}, {"model": "contenttypes.contenttype", "pk": 7, "fields": {"app_label": "authtoken", "model": "tokenproxy"}}, {"model": "contenttypes.contenttype", "pk": 8, "fields": {"app_label": "user", "model": "useraccount"}}, {"model": "contenttypes.contenttype", "pk": 9, "fields": {"app_label": "app_alumni", "model": "alumni"}}, {"model": "contenttypes.contenttype", "pk": 10, "fields": {"app_label": "app_alumni", "model": "picture"}}, {"model": "contenttypes.contenttype", "pk": 11, "fields": {"app_label": "app_alumni", "model": "address"}}, {"model": "contenttypes.contenttype", "pk": 12, "fields": {"app_label": "app_alumni", "model": "batch"}}, {"model": "sessions.session", "pk": "5uxzylbrrptbswlk5o0aw6aqlou0uzjd", "fields": {"session_data": ".eJxVizEOwjAQBP_iGkU-jLGPDj5i-Xy3MkKiwKSK-DuJlALK2ZldXKnzu5d52Kvc1V0cucPvJrU97LmJDacdx3Rdi9vu_g69jr7WyAEaooaQ4ZmJW0YSn8y8MaqATjlGhU_MLISjEgwk0c7QKM19vinZMtU:1n6VdZ:RJRejRNHQCmUCfsV7wdcqzHAF4KnbStNfyeiP0xg3ms", "expire_date": "2022-01-23T10:41:21.064Z"}}, {"model": "sessions.session", "pk": "d7kezoywgltmhpo5avwt4p8hi28wlz6d", "fields": {"session_data": ".eJxVizEOwjAQBP_iGkU-jLGPDj5i-Xy3MkKiwKSK-DuJlALK2ZldXKnzu5d52Kvc1V0cucPvJrU97LmJDacdx3Rdi9vu_g69jr7WyAEaooaQ4ZmJW0YSn8y8MaqATjlGhU_MLISjEgwk0c7QKM19vinZMtU:1myxri:KIXYHRi-NFUk8r2xJ7ziU8QPQ6x3myif89_Kyfj5-lQ", "expire_date": "2022-01-02T15:12:46.135Z"}}, {"model": "sessions.session", "pk": "etgof3caziqpt0lwyr6gctkcvssdb5lg", "fields": {"session_data": ".eJxVizEOwjAQBP_iGkU-jLGPDj5i-Xy3MkKiwKSK-DuJlALK2ZldXKnzu5d52Kvc1V0cucPvJrU97LmJDacdx3Rdi9vu_g69jr7WyAEaooaQ4ZmJW0YSn8y8MaqATjlGhU_MLISjEgwk0c7QKM19vinZMtU:1n9kTK:7xRx2W5qBynm6w8D--Zc2rt8YYm8f-tHo9fdFMAa8hA", "expire_date": "2022-02-01T09:08:10.880Z"}}, {"model": "sessions.session", "pk": "gx7upudbusq09jcg2g57sn24l1krqnmb", "fields": {"session_data": ".eJxVizEOwjAQBP_iGkU-jLGPDj5i-Xy3MkKiwKSK-DuJlALK2ZldXKnzu5d52Kvc1V0cucPvJrU97LmJDacdx3Rdi9vu_g69jr7WyAEaooaQ4ZmJW0YSn8y8MaqATjlGhU_MLISjEgwk0c7QKM19vinZMtU:1nESZd:YI9F4i9-Beca4NfYwetrMNh5cZ2Zaic-Ch6HDZQhyWI", "expire_date": "2022-02-14T09:02:09.474Z"}}, {"model": "sessions.session", "pk": "hee8b1z4vmbli5g584039f9devvjwssk", "fields": {"session_data": ".eJxVizEOwjAQBP_iGkU-jLGPDj5i-Xy3MkKiwKSK-DuJlALK2ZldXKnzu5d52Kvc1V0cucPvJrU97LmJDacdx3Rdi9vu_g69jr7WyAEaooaQ4ZmJW0YSn8y8MaqATjlGhU_MLISjEgwk0c7QKM19vinZMtU:1n9tDz:ei_pDUbVKwmC4wUiGYEc00Wyt-IyftjHYoVdJhMIQ0M", "expire_date": "2022-02-01T18:28:55.409Z"}}, {"model": "sessions.session", "pk": "j3dra69382dcocgmiqyf3vah3h6ckkjl", "fields": {"session_data": ".eJxVizEOwjAQBP_iGkU-jLGPDj5i-Xy3MkKiwKSK-DuJlALK2ZldXKnzu5d52Kvc1V0cucPvJrU97LmJDacdx3Rdi9vu_g69jr7WyAEaooaQ4ZmJW0YSn8y8MaqATjlGhU_MLISjEgwk0c7QKM19vinZMtU:1mxWjy:s7OwoVA4UPXGj9sUIwPInDs5--EGYlBL-gbxXxZAzp0", "expire_date": "2021-12-29T16:02:50.481Z"}}, {"model": "sessions.session", "pk": "n7jd4rb0gp68r7wokguzd88snv74ysv2", "fields": {"session_data": ".eJxVizEOwjAQBP_iGkU-jLGPDj5i-Xy3MkKiwKSK-DuJlALK2ZldXKnzu5d52Kvc1V0cucPvJrU97LmJDacdx3Rdi9vu_g69jr7WyAEaooaQ4ZmJW0YSn8y8MaqATjlGhU_MLISjEgwk0c7QKM19vinZMtU:1nK3Kz:hHlBu26pUttARJw656NIgeRBr1RzXC7XsVdzcYcdFAc", "expire_date": "2022-03-01T19:18:09.303Z"}}, {"model": "sessions.session", "pk": "sftsrlj4gdstt1aoqn0i4iqt1a4hip0u", "fields": {"session_data": ".eJxVizEOwjAQBP_iGkU-jLGPDj5i-Xy3MkKiwKSK-DuJlALK2ZldXKnzu5d52Kvc1V0cucPvJrU97LmJDacdx3Rdi9vu_g69jr7WyAEaooaQ4ZmJW0YSn8y8MaqATjlGhU_MLISjEgwk0c7QKM19vinZMtU:1nCjDr:m4oNcdHHYzY1_SEb9KGkygi1NbgvyCTUut93oMPqUNM", "expire_date": "2022-02-09T14:24:31.479Z"}}, {"model": "sessions.session", "pk": "xu2lqxnrnsng0dedegnrajejjgycjm4z", "fields": {"session_data": ".eJxVizEOwjAQBP_iGkU-jLGPDj5i-Xy3MkKiwKSK-DuJlALK2ZldXKnzu5d52Kvc1V0cucPvJrU97LmJDacdx3Rdi9vu_g69jr7WyAEaooaQ4ZmJW0YSn8y8MaqATjlGhU_MLISjEgwk0c7QKM19vinZMtU:1nYtow:49a-gLU-IAP8fvTHV6nkjJlI9z3vL8E-3kWHNtitOzk", "expire_date": "2022-04-11T18:10:26.777Z"}}, {"model": "sessions.session", "pk": "zcie1rfmuzov9uwyknhjavkpbvy1kutq", "fields": {"session_data": ".eJxVizEOwjAQBP_iGkU-jLGPDj5i-Xy3MkKiwKSK-DuJlALK2ZldXKnzu5d52Kvc1V0cucPvJrU97LmJDacdx3Rdi9vu_g69jr7WyAEaooaQ4ZmJW0YSn8y8MaqATjlGhU_MLISjEgwk0c7QKM19vinZMtU:1n97Dk:WAHBHKzcnxcdyjDTQjzfU4uUSpyQ4SL0jEfw77zApZk", "expire_date": "2022-01-30T15:13:28.322Z"}}, {"model": "user.useraccount", "pk": 1, "fields": {"password": "pbkdf2_sha256$216000$FpbAlkGrU1N8$xebVEkeJzU05RIq6/2kk1lKSyRSrCMcp3Bb1XFZ3YvA=", "last_login": "2022-03-28T18:10:26.768Z", "is_superuser": true, "username": "farhad", "first_name": "", "last_name": "", "email": "farhad@mydash.ai", "is_staff": true, "is_active": true, "date_joined": "2021-12-15T15:59:35.747Z", "groups": [], "user_permissions": []}}, {"model": "user.useraccount", "pk": 7, "fields": {"password": "12345678", "last_login": null, "is_superuser": false, "username": "lovesickRhino6", "first_name": "Farhad", "last_name": "Hossain", "email": "farhad2@mydash.ai", "is_staff": false, "is_active": true, "date_joined": "2022-03-28T18:06:20.292Z", "groups": [], "user_permissions": []}}, {"model": "user.useraccount", "pk": 8, "fields": {"password": "12345678", "last_login": null, "is_superuser": false, "username": "aloofBasmati2", "first_name": "Farhad", "last_name": "Hossain", "email": "farhad3@mydash.ai", "is_staff": false, "is_active": true, "date_joined": "2022-03-28T18:07:00.690Z", "groups": [], "user_permissions": []}}, {"model": "user.useraccount", "pk": 9, "fields": {"password": "12345678", "last_login": null, "is_superuser": false, "username": "blissfulThrushe4", "first_name": "Farhad", "last_name": "Hossain", "email": "farhad4@mydash.ai", "is_staff": false, "is_active": true, "date_joined": "2022-03-28T18:08:10.241Z", "groups": [], "user_permissions": []}}, {"model": "user.useraccount", "pk": 10, "fields": {"password": "12345678", "last_login": null, "is_superuser": false, "username": "grudgingApples6", "first_name": "Mehedi", "last_name": "Hasan", "email": "mehedi@mydash.ai", "is_staff": false, "is_active": true, "date_joined": "2022-03-28T18:12:13.964Z", "groups": [], "user_permissions": []}}, {"model": "user.useraccount", "pk": 11, "fields": {"password": "12345678", "last_login": null, "is_superuser": false, "username": "troubledMackerel5", "first_name": "Mehedi", "last_name": "Hasan", "email": "mehedi2@mydash.ai", "is_staff": false, "is_active": true, "date_joined": "2022-03-28T18:13:36.393Z", "groups": [], "user_permissions": []}}, {"model": "app_alumni.batch", "pk": 1, "fields": {"created_at": "2022-01-18T20:37:00.111Z", "updated_at": "2022-01-31T09:08:12.257Z", "batch_name": "Octa Core", "session": "2017-18", "total_students": 57, "batch_pictures": [5, 6]}}, {"model": "app_alumni.batch", "pk": 2, "fields": {"created_at": "2022-01-18T20:39:43.175Z", "updated_at": "2022-01-31T09:20:15.267Z", "batch_name": "Curiex", "session": "2016-17", "total_students": 51, "batch_pictures": [3, 4, 5]}}, {"model": "app_alumni.batch", "pk": 3, "fields": {"created_at": "2022-01-19T08:24:40.743Z", "updated_at": "2022-01-31T09:22:25.596Z", "batch_name": "Octa Core", "session": "2015-16", "total_students": 30, "batch_pictures": [2, 3, 6]}}, {"model": "app_alumni.batch", "pk": 4, "fields": {"created_at": "2022-01-19T08:25:33.758Z", "updated_at": "2022-01-31T09:03:06.555Z", "batch_name": "Curiex", "session": "2010-11", "total_students": 30, "batch_pictures": [5]}}, {"model": "app_alumni.batch", "pk": 5, "fields": {"created_at": "2022-01-19T08:28:10.938Z", "updated_at": "2022-01-26T14:24:42.287Z", "batch_name": "The Second Batch", "session": "2011-12", "total_students": 30, "batch_pictures": []}}, {"model": "app_alumni.batch", "pk": 6, "fields": {"created_at": "2022-01-26T14:26:07.371Z", "updated_at": "2022-01-26T14:26:07.371Z", "batch_name": "N/A", "session": "2012-13", "total_students": 0, "batch_pictures": []}}, {"model": "app_alumni.batch", "pk": 7, "fields": {"created_at": "2022-01-26T14:26:17.496Z", "updated_at": "2022-01-26T14:26:17.497Z", "batch_name": "N/A", "session": "2013-14", "total_students": 0, "batch_pictures": []}}, {"model": "app_alumni.batch", "pk": 8, "fields": {"created_at": "2022-01-26T14:26:30.666Z", "updated_at": "2022-01-26T14:26:30.666Z", "batch_name": "N/A", "session": "2014-15", "total_students": 0, "batch_pictures": []}}, {"model": "app_alumni.alumni", "pk": 1, "fields": {"created_at": "2021-12-19T15:40:46.479Z", "updated_at": "2021-12-19T16:06:18.518Z", "name": "Farhad Hossain", "date_of_birth": "1999-06-18", "registration_number": null, "batch": null, "graduation_year": "2022", "is_employed": false, "email": "farhadhossain0085@gmail.com", "contact_number": "+8801739249396", "company": "Dash", "designation": "Backend Developer", "biography": "", "profile_picture": 1, "is_featured": true, "present_address": 92, "permanent_address": 92, "is_active": false, "user": null, "pictures": [1]}}, {"model": "app_alumni.alumni", "pk": 4, "fields": {"created_at": "2021-12-19T15:40:46.479Z", "updated_at": "2021-12-19T16:06:18.525Z", "name": "Catherine Lawrence", "date_of_birth": "1999-06-18", "registration_number": null, "batch": null, "graduation_year": "2022", "is_employed": false, "email": "duis.mi.enim@protonmail.org", "contact_number": "1-858-233-6836", "company": "Dash", "designation": "Backend Developer", "biography": "", "profile_picture": 1, "is_featured": false, "present_address": 18, "permanent_address": 18, "is_active": false, "user": null, "pictures": [1]}}, {"model": "app_alumni.alumni", "pk": 5, "fields": {"created_at": "2021-12-19T15:40:46.479Z", "updated_at": "2021-12-19T16:06:18.527Z", "name": "Mason Russo", "date_of_birth": "1999-06-18", "registration_number": null, "batch": null, "graduation_year": "2022", "is_employed": false, "email": "metus@protonmail.net", "contact_number": "1-256-142-7898", "company": "Dash", "designation": "Backend Developer", "biography": "", "profile_picture": 1, "is_featured": false, "present_address": 24, "permanent_address": 24, "is_active": false, "user": null, "pictures": [1]}}, {"model": "app_alumni.alumni", "pk": 6, "fields": {"created_at": "2021-12-19T15:40:46.479Z", "updated_at": "2021-12-19T16:06:18.528Z", "name": "Gage Harris", "date_of_birth": "1999-06-18", "registration_number": null, "batch": null, "graduation_year": "2022", "is_employed": false, "email": "fusce@yahoo.org", "contact_number": "1-520-563-8745", "company": "Dash", "designation": "Backend Developer", "biography": "", "profile_picture": 1, "is_featured": true, "present_address": 60, "permanent_address": 60, "is_active": false, "user": null, "pictures": [1]}}, {"model": "app_alumni.alumni", "pk": 7, "fields": {"created_at": "2021-12-19T15:40:46.479Z", "updated_at": "2021-12-19T16:06:18.529Z", "name": "Shoshana George", "date_of_birth": "1999-06-18", "registration_number": null, "batch": null, "graduation_year": "2022", "is_employed": true, "email": "elit.aliquam.auctor@yahoo.org", "contact_number": "1-325-313-4177", "company": "Dash", "designation": "Backend Developer", "biography": "", "profile_picture": 1, "is_featured": false, "present_address": 51, "permanent_address": 51, "is_active": false, "user": null, "pictures": [1]}}, {"model": "app_alumni.alumni", "pk": 8, "fields": {"created_at": "2021-12-19T15:40:46.479Z", "updated_at": "2021-12-19T16:06:18.531Z", "name": "Carson Ortega", "date_of_birth": "1999-06-18", "registration_number": null, "batch": null, "graduation_year": "2022", "is_employed": false, "email": "convallis@icloud.net", "contact_number": "1-867-777-6618", "company": "Dash", "designation": "Backend Developer", "biography": "", "profile_picture": 1, "is_featured": false, "present_address": 61, "permanent_address": 61, "is_active": false, "user": null, "pictures": [1]}}, {"model": "app_alumni.alumni", "pk": 9, "fields": {"created_at": "2021-12-19T15:40:46.479Z", "updated_at": "2021-12-19T16:06:18.532Z", "name": "Bruce George", "date_of_birth": "1999-06-18", "registration_number": null, "batch": null, "graduation_year": "2022", "is_employed": false, "email": "etiam.vestibulum@hotmail.edu", "contact_number": "1-139-285-0654", "company": "Dash", "designation": "Backend Developer", "biography": "", "profile_picture": 1, "is_featured": true, "present_address": 63, "permanent_address": 63, "is_active": false, "user": null, "pictures": [1]}}, {"model": "app_alumni.alumni", "pk": 10, "fields": {"created_at": "2021-12-19T15:40:46.479Z", "updated_at": "2021-12-19T16:06:18.534Z", "name": "Herman Blackwell", "date_of_birth": "1999-06-18", "registration_number": null, "batch": null, "graduation_year": "2022", "is_employed": false, "email": "lacinia.vitae@hotmail.edu", "contact_number": "(316) 913-2458", "company": "Dash", "designation": "Backend Developer", "biography": "", "profile_picture": 1, "is_featured": true, "present_address": 43, "permanent_address": 43, "is_active": false, "user": null, "pictures": [1]}}, {"model": "app_alumni.alumni", "pk": 11, "fields": {"created_at": "2021-12-19T15:40:46.479Z", "updated_at": "2021-12-19T16:06:18.535Z", "name": "Owen Rodriquez", "date_of_birth": "1999-06-18", "registration_number": "2017338011", "batch": null, "graduation_year": "2022", "is_employed": false, "email": "donec.tempor.est@icloud.com", "contact_number": "1-762-664-8112", "company": "Dash", "designation": "Backend Developer", "biography": "", "profile_picture": 1, "is_featured": false, "present_address": 77, "permanent_address": 77, "is_active": false, "user": null, "pictures": [1]}}, {"model": "app_alumni.alumni", "pk": 12, "fields": {"created_at": "2021-12-19T15:40:46.479Z", "updated_at": "2021-12-19T16:06:18.537Z", "name": "Jordan Mejia", "date_of_birth": "1999-06-18", "registration_number": "2017338012", "batch": null, "graduation_year": "2022", "is_employed": false, "email": "imperdiet.nec@icloud.couk", "contact_number": "(535) 673-3684", "company": "Dash", "designation": "Backend Developer", "biography": "", "profile_picture": 1, "is_featured": false, "present_address": 97, "permanent_address": 97, "is_active": false, "user": null, "pictures": [1]}}, {"model": "app_alumni.alumni", "pk": 13, "fields": {"created_at": "2021-12-19T15:40:46.479Z", "updated_at": "2021-12-19T16:06:18.539Z", "name": "Tashya Hardin", "date_of_birth": "1999-06-18", "registration_number": "2017338013", "batch": null, "graduation_year": "2022", "is_employed": true, "email": "porttitor.eros.nec@icloud.edu", "contact_number": "(309) 212-2754", "company": "Dash", "designation": "Backend Developer", "biography": "", "profile_picture": 1, "is_featured": true, "present_address": 46, "permanent_address": 46, "is_active": false, "user": null, "pictures": [1]}}, {"model": "app_alumni.alumni", "pk": 14, "fields": {"created_at": "2021-12-19T15:40:46.479Z", "updated_at": "2021-12-19T16:06:18.540Z", "name": "Linus Marquez", "date_of_birth": "1999-06-18", "registration_number": "2017338014", "batch": null, "graduation_year": "2022", "is_employed": true, "email": "amet.diam@protonmail.ca", "contact_number": "1-671-464-2111", "company": "Dash", "designation": "Backend Developer", "biography": "", "profile_picture": 1, "is_featured": true, "present_address": 20, "permanent_address": 20, "is_active": false, "user": null, "pictures": [1]}}, {"model": "app_alumni.alumni", "pk": 15, "fields": {"created_at": "2021-12-19T15:40:46.479Z", "updated_at": "2021-12-19T16:06:18.542Z", "name": "Samantha Gilliam", "date_of_birth": "1999-06-18", "registration_number": "2017338015", "batch": null, "graduation_year": "2022", "is_employed": true, "email": "massa.mauris@icloud.ca", "contact_number": "(826) 206-3326", "company": "Dash", "designation": "Backend Developer", "biography": "", "profile_picture": 1, "is_featured": true, "present_address": 1, "permanent_address": 1, "is_active": false, "user": null, "pictures": [1]}}, {"model": "app_alumni.alumni", "pk": 16, "fields": {"created_at": "2021-12-19T15:40:46.479Z", "updated_at": "2021-12-19T16:06:18.543Z", "name": "Jaquelyn Adkins", "date_of_birth": "1999-06-18", "registration_number": "2017338016", "batch": null, "graduation_year": "2022", "is_employed": true, "email": "varius@aol.ca", "contact_number": "1-441-655-8311", "company": "Dash", "designation": "Backend Developer", "biography": "", "profile_picture": 1, "is_featured": false, "present_address": 55, "permanent_address": 55, "is_active": false, "user": null, "pictures": [1]}}, {"model": "app_alumni.alumni", "pk": 17, "fields": {"created_at": "2021-12-19T15:40:46.479Z", "updated_at": "2021-12-19T16:06:18.545Z", "name": "Keely Armstrong", "date_of_birth": "1999-06-18", "registration_number": "2017338017", "batch": null, "graduation_year": "2022", "is_employed": false, "email": "elit.sed@aol.net", "contact_number": "1-204-686-6878", "company": "Dash", "designation": "Backend Developer", "biography": "", "profile_picture": 1, "is_featured": false, "present_address": 61, "permanent_address": 61, "is_active": false, "user": null, "pictures": [1]}}, {"model": "app_alumni.alumni", "pk": 18, "fields": {"created_at": "2021-12-19T15:40:46.479Z", "updated_at": "2021-12-19T16:06:18.546Z", "name": "Malcolm Frye", "date_of_birth": "1999-06-18", "registration_number": "2017338018", "batch": null, "graduation_year": "2022", "is_employed": true, "email": "cras.dictum@protonmail.ca", "contact_number": "1-408-925-1356", "company": "Dash", "designation": "Backend Developer", "biography": "", "profile_picture": 1, "is_featured": true, "present_address": 27, "permanent_address": 27, "is_active": false, "user": null, "pictures": [1]}}, {"model": "app_alumni.alumni", "pk": 19, "fields": {"created_at": "2021-12-19T15:40:46.479Z", "updated_at": "2021-12-19T16:06:18.548Z", "name": "Buckminster Pate", "date_of_birth": "1999-06-18", "registration_number": "2017338019", "batch": null, "graduation_year": "2022", "is_employed": true, "email": "sodales.at@hotmail.edu", "contact_number": "(517) 838-0623", "company": "Dash", "designation": "Backend Developer", "biography": "", "profile_picture": 1, "is_featured": false, "present_address": 4, "permanent_address": 4, "is_active": false, "user": null, "pictures": [1]}}, {"model": "app_alumni.alumni", "pk": 20, "fields": {"created_at": "2021-12-19T15:40:46.479Z", "updated_at": "2021-12-19T16:06:18.549Z", "name": "Chastity Stevens", "date_of_birth": "1999-06-18", "registration_number": "2017338020", "batch": null, "graduation_year": "2022", "is_employed": true, "email": "vel.arcu@hotmail.ca", "contact_number": "1-780-509-7657", "company": "Dash", "designation": "Backend Developer", "biography": "", "profile_picture": 1, "is_featured": false, "present_address": 77, "permanent_address": 77, "is_active": false, "user": null, "pictures": [1]}}, {"model": "app_alumni.alumni", "pk": 21, "fields": {"created_at": "2021-12-19T15:40:46.479Z", "updated_at": "2021-12-19T16:06:18.551Z", "name": "Leo Hammond", "date_of_birth": "1999-06-18", "registration_number": "2017338021", "batch": null, "graduation_year": "2022", "is_employed": false, "email": "in.lorem@aol.couk", "contact_number": "(445) 624-7244", "company": "Dash", "designation": "Backend Developer", "biography": "", "profile_picture": 1, "is_featured": true, "present_address": 92, "permanent_address": 92, "is_active": false, "user": null, "pictures": [1]}}, {"model": "app_alumni.alumni", "pk": 22, "fields": {"created_at": "2021-12-19T15:40:46.479Z", "updated_at": "2021-12-19T16:06:18.553Z", "name": "Jane Wyatt", "date_of_birth": "1999-06-18", "registration_number": "2017338022", "batch": null, "graduation_year": "2022", "is_employed": true, "email": "placerat.cras.dictum@google.ca", "contact_number": "1-697-407-4732", "company": "Dash", "designation": "Backend Developer", "biography": "", "profile_picture": 1, "is_featured": true, "present_address": 60, "permanent_address": 60, "is_active": false, "user": null, "pictures": [1]}}, {"model": "app_alumni.alumni", "pk": 23, "fields": {"created_at": "2021-12-19T15:40:46.479Z", "updated_at": "2021-12-19T16:06:18.554Z", "name": "Kermit Moran", "date_of_birth": "1999-06-18", "registration_number": "2017338023", "batch": null, "graduation_year": "2022", "is_employed": false, "email": "phasellus@outlook.ca", "contact_number": "1-725-263-2072", "company": "Dash", "designation": "Backend Developer", "biography": "", "profile_picture": 1, "is_featured": true, "present_address": 36, "permanent_address": 36, "is_active": false, "user": null, "pictures": [1]}}, {"model": "app_alumni.alumni", "pk": 24, "fields": {"created_at": "2021-12-19T15:40:46.479Z", "updated_at": "2021-12-19T16:06:18.556Z", "name": "Dustin Bender", "date_of_birth": "1999-06-18", "registration_number": "2017338024", "batch": null, "graduation_year": "2022", "is_employed": true, "email": "neque.tellus@icloud.ca", "contact_number": "(924) 377-5262", "company": "Dash", "designation": "Backend Developer", "biography": "", "profile_picture": 1, "is_featured": true, "present_address": 93, "permanent_address": 93, "is_active": false, "user": null, "pictures": [1]}}, {"model": "app_alumni.alumni", "pk": 25, "fields": {"created_at": "2021-12-19T15:40:46.479Z", "updated_at": "2021-12-19T16:06:18.557Z", "name": "Axel Delgado", "date_of_birth": "1999-06-18", "registration_number": "2017338025", "batch": null, "graduation_year": "2022", "is_employed": true, "email": "donec.at.arcu@hotmail.net", "contact_number": "1-808-548-8902", "company": "Dash", "designation": "Backend Developer", "biography": "", "profile_picture": 1, "is_featured": true, "present_address": 43, "permanent_address": 43, "is_active": false, "user": null, "pictures": [1]}}, {"model": "app_alumni.alumni", "pk": 26, "fields": {"created_at": "2021-12-19T15:40:46.479Z", "updated_at": "2021-12-19T16:06:18.559Z", "name": "Chase Foreman", "date_of_birth": "1999-06-18", "registration_number": "2017338026", "batch": null, "graduation_year": "2022", "is_employed": false, "email": "adipiscing@icloud.com", "contact_number": "(273) 137-8712", "company": "Dash", "designation": "Backend Developer", "biography": "", "profile_picture": 1, "is_featured": true, "present_address": 7, "permanent_address": 7, "is_active": false, "user": null, "pictures": [1]}}, {"model": "app_alumni.alumni", "pk": 27, "fields": {"created_at": "2021-12-19T15:40:46.479Z", "updated_at": "2021-12-19T16:06:18.561Z", "name": "Bernard Vinson", "date_of_birth": "1999-06-18", "registration_number": "2017338027", "batch": null, "graduation_year": "2022", "is_employed": true, "email": "risus.nunc@outlook.com", "contact_number": "(268) 815-7273", "company": "Dash", "designation": "Backend Developer", "biography": "", "profile_picture": 1, "is_featured": false, "present_address": 84, "permanent_address": 84, "is_active": false, "user": null, "pictures": [1]}}, {"model": "app_alumni.alumni", "pk": 28, "fields": {"created_at": "2021-12-19T15:40:46.479Z", "updated_at": "2021-12-19T16:06:18.562Z", "name": "Bo Bradley", "date_of_birth": "1999-06-18", "registration_number": "2017338028", "batch": null, "graduation_year": "2022", "is_employed": false, "email": "in.dolor@icloud.couk", "contact_number": "1-813-973-8974", "company": "Dash", "designation": "Backend Developer", "biography": "", "profile_picture": 1, "is_featured": true, "present_address": 28, "permanent_address": 28, "is_active": false, "user": null, "pictures": [1]}}, {"model": "app_alumni.alumni", "pk": 29, "fields": {"created_at": "2021-12-19T15:40:46.479Z", "updated_at": "2021-12-19T16:06:18.564Z", "name": "Leandra Dillard", "date_of_birth": "1999-06-18", "registration_number": "2017338029", "batch": null, "graduation_year": "2022", "is_employed": false, "email": "eu.enim@icloud.couk", "contact_number": "1-266-762-5356", "company": "Dash", "designation": "Backend Developer", "biography": "", "profile_picture": 1, "is_featured": false, "present_address": 62, "permanent_address": 62, "is_active": false, "user": null, "pictures": [1]}}, {"model": "app_alumni.alumni", "pk": 30, "fields": {"created_at": "2021-12-19T15:40:46.479Z", "updated_at": "2021-12-19T16:06:18.566Z", "name": "Sierra Dickson", "date_of_birth": "1999-06-18", "registration_number": "2017338030", "batch": null, "graduation_year": "2022", "is_employed": true, "email": "pharetra.nibh.aliquam@aol.net", "contact_number": "(805) 759-4524", "company": "Dash", "designation": "Backend Developer", "biography": "", "profile_picture": 1, "is_featured": true, "present_address": 55, "permanent_address": 55, "is_active": false, "user": null, "pictures": [1]}}, {"model": "app_alumni.alumni", "pk": 31, "fields": {"created_at": "2021-12-19T15:40:46.479Z", "updated_at": "2021-12-19T16:06:18.568Z", "name": "Orla Farrell", "date_of_birth": "1999-06-18", "registration_number": "2017338031", "batch": null, "graduation_year": "2022", "is_employed": false, "email": "lobortis@hotmail.ca", "contact_number": "(538) 639-7088", "company": "Dash", "designation": "Backend Developer", "biography": "", "profile_picture": 1, "is_featured": true, "present_address": 67, "permanent_address": 67, "is_active": false, "user": null, "pictures": [1]}}, {"model": "app_alumni.alumni", "pk": 32, "fields": {"created_at": "2021-12-19T15:40:46.479Z", "updated_at": "2021-12-19T16:06:18.570Z", "name": "Francesca Little", "date_of_birth": "1999-06-18", "registration_number": "2017338032", "batch": null, "graduation_year": "2022", "is_employed": true, "email": "gravida@icloud.couk", "contact_number": "(446) 842-7685", "company": "Dash", "designation": "Backend Developer", "biography": "", "profile_picture": 1, "is_featured": false, "present_address": 96, "permanent_address": 96, "is_active": false, "user": null, "pictures": [1]}}, {"model": "app_alumni.alumni", "pk": 33, "fields": {"created_at": "2021-12-19T15:40:46.479Z", "updated_at": "2021-12-19T16:06:18.573Z", "name": "Ivor Guzman", "date_of_birth": "1999-06-18", "registration_number": "2017338033", "batch": null, "graduation_year": "2022", "is_employed": true, "email": "sed.dictum@hotmail.net", "contact_number": "1-447-985-2942", "company": "Dash", "designation": "Backend Developer", "biography": "", "profile_picture": 1, "is_featured": true, "present_address": 34, "permanent_address": 34, "is_active": false, "user": null, "pictures": [1]}}, {"model": "app_alumni.alumni", "pk": 34, "fields": {"created_at": "2021-12-19T15:40:46.479Z", "updated_at": "2021-12-19T16:06:18.575Z", "name": "Amir Mason", "date_of_birth": "1999-06-18", "registration_number": "2017338034", "batch": null, "graduation_year": "2022", "is_employed": false, "email": "quis.diam@protonmail.couk", "contact_number": "1-245-514-0255", "company": "Dash", "designation": "Backend Developer", "biography": "", "profile_picture": 1, "is_featured": false, "present_address": 35, "permanent_address": 35, "is_active": false, "user": null, "pictures": [1]}}, {"model": "app_alumni.alumni", "pk": 35, "fields": {"created_at": "2021-12-19T15:40:46.479Z", "updated_at": "2021-12-19T16:06:18.576Z", "name": "Helen Morris", "date_of_birth": "1999-06-18", "registration_number": "2017338035", "batch": null, "graduation_year": "2022", "is_employed": false, "email": "eu@icloud.org", "contact_number": "(886) 325-7266", "company": "Dash", "designation": "Backend Developer", "biography": "", "profile_picture": 1, "is_featured": false, "present_address": 57, "permanent_address": 57, "is_active": false, "user": null, "pictures": [1]}}, {"model": "app_alumni.alumni", "pk": 36, "fields": {"created_at": "2021-12-19T15:40:46.479Z", "updated_at": "2021-12-19T16:06:18.578Z", "name": "Ronan Chaney", "date_of_birth": "1999-06-18", "registration_number": "2017338036", "batch": null, "graduation_year": "2022", "is_employed": false, "email": "velit.sed.malesuada@protonmail.org", "contact_number": "1-372-521-6370", "company": "Dash", "designation": "Backend Developer", "biography": "", "profile_picture": 1, "is_featured": false, "present_address": 11, "permanent_address": 11, "is_active": false, "user": null, "pictures": [1]}}, {"model": "app_alumni.alumni", "pk": 37, "fields": {"created_at": "2021-12-19T15:40:46.479Z", "updated_at": "2021-12-19T16:06:18.579Z", "name": "Cameron Cohen", "date_of_birth": "1999-06-18", "registration_number": "2017338037", "batch": null, "graduation_year": "2022", "is_employed": true, "email": "elit@outlook.edu", "contact_number": "1-587-556-5670", "company": "Dash", "designation": "Backend Developer", "biography": "", "profile_picture": 1, "is_featured": false, "present_address": 79, "permanent_address": 79, "is_active": false, "user": null, "pictures": [1]}}, {"model": "app_alumni.alumni", "pk": 38, "fields": {"created_at": "2021-12-19T15:40:46.479Z", "updated_at": "2021-12-19T16:06:18.580Z", "name": "Dean Wiggins", "date_of_birth": "1999-06-18", "registration_number": "2017338038", "batch": null, "graduation_year": "2022", "is_employed": false, "email": "duis@protonmail.ca", "contact_number": "(873) 290-6060", "company": "Dash", "designation": "Backend Developer", "biography": "", "profile_picture": 1, "is_featured": true, "present_address": 4, "permanent_address": 4, "is_active": false, "user": null, "pictures": [1]}}, {"model": "app_alumni.alumni", "pk": 39, "fields": {"created_at": "2021-12-19T15:40:46.479Z", "updated_at": "2021-12-19T16:06:18.582Z", "name": "Carlos Dale", "date_of_birth": "1999-06-18", "registration_number": "2017338039", "batch": null, "graduation_year": "2022", "is_employed": false, "email": "rutrum.lorem@google.org", "contact_number": "(765) 375-4267", "company": "Dash", "designation": "Backend Developer", "biography": "", "profile_picture": 1, "is_featured": true, "present_address": 76, "permanent_address": 76, "is_active": false, "user": null, "pictures": [1]}}, {"model": "app_alumni.alumni", "pk": 40, "fields": {"created_at": "2021-12-19T15:40:46.479Z", "updated_at": "2021-12-19T16:06:18.584Z", "name": "Vance Koch", "date_of_birth": "1999-06-18", "registration_number": "2017338040", "batch": null, "graduation_year": "2022", "is_employed": true, "email": "vivamus.euismod@yahoo.ca", "contact_number": "1-477-488-6688", "company": "Dash", "designation": "Backend Developer", "biography": "", "profile_picture": 1, "is_featured": false, "present_address": 15, "permanent_address": 15, "is_active": false, "user": null, "pictures": [1]}}, {"model": "app_alumni.alumni", "pk": 41, "fields": {"created_at": "2021-12-19T15:40:46.479Z", "updated_at": "2021-12-19T16:06:18.586Z", "name": "Castor Ross", "date_of_birth": "1999-06-18", "registration_number": "2017338041", "batch": null, "graduation_year": "2022", "is_employed": false, "email": "justo.nec.ante@icloud.edu", "contact_number": "(448) 960-4224", "company": "Dash", "designation": "Backend Developer", "biography": "", "profile_picture": 1, "is_featured": true, "present_address": 43, "permanent_address": 43, "is_active": false, "user": null, "pictures": [1]}}, {"model": "app_alumni.alumni", "pk": 42, "fields": {"created_at": "2021-12-19T15:40:46.479Z", "updated_at": "2021-12-19T16:06:18.588Z", "name": "Kim Cash", "date_of_birth": "1999-06-18", "registration_number": "2017338042", "batch": null, "graduation_year": "2022", "is_employed": false, "email": "donec.feugiat@icloud.com", "contact_number": "(617) 376-2772", "company": "Dash", "designation": "Backend Developer", "biography": "", "profile_picture": 1, "is_featured": false, "present_address": 95, "permanent_address": 95, "is_active": false, "user": null, "pictures": [1]}}, {"model": "app_alumni.alumni", "pk": 43, "fields": {"created_at": "2021-12-19T15:40:46.479Z", "updated_at": "2021-12-19T16:06:18.590Z", "name": "Aaron Montgomery", "date_of_birth": "1999-06-18", "registration_number": "2017338043", "batch": null, "graduation_year": "2022", "is_employed": true, "email": "lacinia.sed.congue@protonmail.couk", "contact_number": "1-217-548-4865", "company": "Dash", "designation": "Backend Developer", "biography": "", "profile_picture": 1, "is_featured": true, "present_address": 59, "permanent_address": 59, "is_active": false, "user": null, "pictures": [1]}}, {"model": "app_alumni.alumni", "pk": 44, "fields": {"created_at": "2021-12-19T15:40:46.479Z", "updated_at": "2021-12-19T16:06:18.591Z", "name": "Ori Bradshaw", "date_of_birth": "1999-06-18", "registration_number": "2017338044", "batch": null, "graduation_year": "2022", "is_employed": true, "email": "interdum.feugiat@protonmail.org", "contact_number": "(755) 576-5960", "company": "Dash", "designation": "Backend Developer", "biography": "", "profile_picture": 1, "is_featured": false, "present_address": 49, "permanent_address": 49, "is_active": false, "user": null, "pictures": [1]}}, {"model": "app_alumni.alumni", "pk": 45, "fields": {"created_at": "2021-12-19T15:40:46.479Z", "updated_at": "2021-12-19T16:06:18.593Z", "name": "Ryder Booker", "date_of_birth": "1999-06-18", "registration_number": "2017338045", "batch": null, "graduation_year": "2022", "is_employed": false, "email": "aliquet.metus.urna@protonmail.org", "contact_number": "1-555-326-4058", "company": "Dash", "designation": "Backend Developer", "biography": "", "profile_picture": 1, "is_featured": true, "present_address": 53, "permanent_address": 53, "is_active": false, "user": null, "pictures": [1]}}, {"model": "app_alumni.alumni", "pk": 46, "fields": {"created_at": "2021-12-19T15:40:46.479Z", "updated_at": "2021-12-19T16:06:18.594Z", "name": "Aristotle Ramsey", "date_of_birth": "1999-06-18", "registration_number": "2017338046", "batch": null, "graduation_year": "2022", "is_employed": true, "email": "ligula@icloud.edu", "contact_number": "1-531-858-9523", "company": "Dash", "designation": "Backend Developer", "biography": "", "profile_picture": 1, "is_featured": true, "present_address": 8, "permanent_address": 8, "is_active": false, "user": null, "pictures": [1]}}, {"model": "app_alumni.alumni", "pk": 47, "fields": {"created_at": "2021-12-19T15:40:46.479Z", "updated_at": "2021-12-19T16:06:18.596Z", "name": "Kimberly Griffin", "date_of_birth": "1999-06-18", "registration_number": "2017338047", "batch": null, "graduation_year": "2022", "is_employed": false, "email": "magna.sed.dui@outlook.com", "contact_number": "1-564-838-1412", "company": "Dash", "designation": "Backend Developer", "biography": "", "profile_picture": 1, "is_featured": false, "present_address": 26, "permanent_address": 26, "is_active": false, "user": null, "pictures": [1]}}, {"model": "app_alumni.alumni", "pk": 48, "fields": {"created_at": "2021-12-19T15:40:46.479Z", "updated_at": "2021-12-19T16:06:18.597Z", "name": "Isabella Witt", "date_of_birth": "1999-06-18", "registration_number": "2017338048", "batch": null, "graduation_year": "2022", "is_employed": false, "email": "hendrerit@yahoo.net", "contact_number": "1-477-531-5238", "company": "Dash", "designation": "Backend Developer", "biography": "", "profile_picture": 1, "is_featured": false, "present_address": 47, "permanent_address": 47, "is_active": false, "user": null, "pictures": [1]}}, {"model": "app_alumni.alumni", "pk": 49, "fields": {"created_at": "2021-12-19T15:40:46.479Z", "updated_at": "2021-12-19T16:06:18.598Z", "name": "Rebecca Andrews", "date_of_birth": "1999-06-18", "registration_number": "2017338049", "batch": null, "graduation_year": "2022", "is_employed": true, "email": "nunc@google.couk", "contact_number": "1-525-472-5953", "company": "Dash", "designation": "Backend Developer", "biography": "", "profile_picture": 1, "is_featured": false, "present_address": 68, "permanent_address": 68, "is_active": false, "user": null, "pictures": [1]}}, {"model": "app_alumni.alumni", "pk": 50, "fields": {"created_at": "2021-12-19T15:40:46.479Z", "updated_at": "2021-12-19T16:06:18.599Z", "name": "Miranda Davis", "date_of_birth": "1999-06-18", "registration_number": "2017338050", "batch": null, "graduation_year": "2022", "is_employed": true, "email": "proin@google.org", "contact_number": "1-291-933-5731", "company": "Dash", "designation": "Backend Developer", "biography": "", "profile_picture": 1, "is_featured": true, "present_address": 68, "permanent_address": 68, "is_active": false, "user": null, "pictures": [1]}}, {"model": "app_alumni.alumni", "pk": 51, "fields": {"created_at": "2021-12-19T15:40:46.479Z", "updated_at": "2021-12-19T16:06:18.601Z", "name": "Amena Wynn", "date_of_birth": "1999-06-18", "registration_number": "2017338051", "batch": null, "graduation_year": "2022", "is_employed": false, "email": "diam@protonmail.couk", "contact_number": "1-376-975-1231", "company": "Dash", "designation": "Backend Developer", "biography": "", "profile_picture": 1, "is_featured": false, "present_address": 9, "permanent_address": 9, "is_active": false, "user": null, "pictures": [1]}}, {"model": "app_alumni.alumni", "pk": 52, "fields": {"created_at": "2021-12-19T15:40:46.479Z", "updated_at": "2021-12-19T16:06:18.603Z", "name": "Phyllis Sosa", "date_of_birth": "1999-06-18", "registration_number": "2017338052", "batch": null, "graduation_year": "2022", "is_employed": false, "email": "quis.urna@outlook.com", "contact_number": "(214) 876-2389", "company": "Dash", "designation": "Backend Developer", "biography": "", "profile_picture": 1, "is_featured": false, "present_address": 90, "permanent_address": 90, "is_active": false, "user": null, "pictures": [1]}}, {"model": "app_alumni.alumni", "pk": 53, "fields": {"created_at": "2021-12-19T15:40:46.479Z", "updated_at": "2021-12-19T16:06:18.604Z", "name": "Abbot O'connor", "date_of_birth": "1999-06-18", "registration_number": "2017338053", "batch": null, "graduation_year": "2022", "is_employed": false, "email": "mus.proin@yahoo.org", "contact_number": "(156) 281-2664", "company": "Dash", "designation": "Backend Developer", "biography": "", "profile_picture": 1, "is_featured": false, "present_address": 57, "permanent_address": 57, "is_active": false, "user": null, "pictures": [1]}}, {"model": "app_alumni.alumni", "pk": 54, "fields": {"created_at": "2021-12-19T15:40:46.479Z", "updated_at": "2021-12-19T16:06:18.606Z", "name": "Zachary Lowery", "date_of_birth": "1999-06-18", "registration_number": "2017338054", "batch": null, "graduation_year": "2022", "is_employed": true, "email": "lobortis.augue.scelerisque@yahoo.net", "contact_number": "1-483-222-9385", "company": "Dash", "designation": "Backend Developer", "biography": "", "profile_picture": 1, "is_featured": true, "present_address": 72, "permanent_address": 72, "is_active": false, "user": null, "pictures": [1]}}, {"model": "app_alumni.alumni", "pk": 55, "fields": {"created_at": "2021-12-19T15:40:46.479Z", "updated_at": "2021-12-19T16:06:18.607Z", "name": "Audrey Brown", "date_of_birth": "1999-06-18", "registration_number": "2017338055", "batch": null, "graduation_year": "2022", "is_employed": false, "email": "mauris.rhoncus@protonmail.ca", "contact_number": "1-156-188-7496", "company": "Dash", "designation": "Backend Developer", "biography": "", "profile_picture": 1, "is_featured": true, "present_address": 47, "permanent_address": 47, "is_active": false, "user": null, "pictures": [1]}}, {"model": "app_alumni.alumni", "pk": 56, "fields": {"created_at": "2021-12-19T15:40:46.479Z", "updated_at": "2021-12-19T16:06:18.608Z", "name": "Josephine Mcgee", "date_of_birth": "1999-06-18", "registration_number": "2017338056", "batch": null, "graduation_year": "2022", "is_employed": true, "email": "amet.lorem.semper@yahoo.ca", "contact_number": "1-517-256-3376", "company": "Dash", "designation": "Backend Developer", "biography": "", "profile_picture": 1, "is_featured": true, "present_address": 26, "permanent_address": 26, "is_active": false, "user": null, "pictures": [1]}}, {"model": "app_alumni.alumni", "pk": 57, "fields": {"created_at": "2021-12-19T15:40:46.479Z", "updated_at": "2021-12-19T16:06:18.609Z", "name": "Deirdre Fitzgerald", "date_of_birth": "1999-06-18", "registration_number": "2017338057", "batch": null, "graduation_year": "2022", "is_employed": false, "email": "eu@outlook.net", "contact_number": "(771) 268-0413", "company": "Dash", "designation": "Backend Developer", "biography": "", "profile_picture": 1, "is_featured": true, "present_address": 64, "permanent_address": 64, "is_active": false, "user": null, "pictures": [1]}}, {"model": "app_alumni.alumni", "pk": 58, "fields": {"created_at": "2021-12-19T15:40:46.479Z", "updated_at": "2021-12-19T16:06:18.610Z", "name": "Gemma Holder", "date_of_birth": "1999-06-18", "registration_number": "2017338058", "batch": null, "graduation_year": "2022", "is_employed": true, "email": "eget.massa@protonmail.net", "contact_number": "(317) 225-6545", "company": "Dash", "designation": "Backend Developer", "biography": "", "profile_picture": 1, "is_featured": false, "present_address": 97, "permanent_address": 97, "is_active": false, "user": null, "pictures": [1]}}, {"model": "app_alumni.alumni", "pk": 59, "fields": {"created_at": "2021-12-19T15:40:46.479Z", "updated_at": "2021-12-19T16:06:18.612Z", "name": "Yoshi Hale", "date_of_birth": "1999-06-18", "registration_number": "2017338059", "batch": null, "graduation_year": "2022", "is_employed": false, "email": "quis.turpis.vitae@yahoo.net", "contact_number": "(462) 413-8778", "company": "Dash", "designation": "Backend Developer", "biography": "", "profile_picture": 1, "is_featured": true, "present_address": 87, "permanent_address": 87, "is_active": false, "user": null, "pictures": [1]}}, {"model": "app_alumni.alumni", "pk": 60, "fields": {"created_at": "2021-12-19T15:40:46.479Z", "updated_at": "2021-12-19T16:06:18.613Z", "name": "Xanthus Carlson", "date_of_birth": "1999-06-18", "registration_number": "2017338060", "batch": null, "graduation_year": "2022", "is_employed": false, "email": "a.sollicitudin@hotmail.com", "contact_number": "(627) 275-2422", "company": "Dash", "designation": "Backend Developer", "biography": "", "profile_picture": 1, "is_featured": true, "present_address": 74, "permanent_address": 74, "is_active": false, "user": null, "pictures": [1]}}, {"model": "app_alumni.alumni", "pk": 61, "fields": {"created_at": "2021-12-19T15:40:46.479Z", "updated_at": "2021-12-19T16:06:18.614Z", "name": "Belle Mccarty", "date_of_birth": "1999-06-18", "registration_number": "2017338061", "batch": null, "graduation_year": "2022", "is_employed": true, "email": "nonummy.ipsum@outlook.ca", "contact_number": "(461) 533-3225", "company": "Dash", "designation": "Backend Developer", "biography": "", "profile_picture": 1, "is_featured": false, "present_address": 80, "permanent_address": 80, "is_active": false, "user": null, "pictures": [1]}}, {"model": "app_alumni.alumni", "pk": 62, "fields": {"created_at": "2021-12-19T15:40:46.479Z", "updated_at": "2021-12-19T16:06:18.615Z", "name": "Carlos Herrera", "date_of_birth": "1999-06-18", "registration_number": "2017338062", "batch": null, "graduation_year": "2022", "is_employed": true, "email": "pellentesque@yahoo.couk", "contact_number": "1-450-526-1464", "company": "Dash", "designation": "Backend Developer", "biography": "", "profile_picture": 1, "is_featured": true, "present_address": 42, "permanent_address": 42, "is_active": false, "user": null, "pictures": [1]}}, {"model": "app_alumni.alumni", "pk": 63, "fields": {"created_at": "2021-12-19T15:40:46.479Z", "updated_at": "2021-12-19T16:06:18.617Z", "name": "Byron Salas", "date_of_birth": "1999-06-18", "registration_number": "2017338063", "batch": null, "graduation_year": "2022", "is_employed": false, "email": "laoreet.posuere@google.org", "contact_number": "1-370-459-0464", "company": "Dash", "designation": "Backend Developer", "biography": "", "profile_picture": 1, "is_featured": true, "present_address": 8, "permanent_address": 8, "is_active": false, "user": null, "pictures": [1]}}, {"model": "app_alumni.alumni", "pk": 64, "fields": {"created_at": "2021-12-19T15:40:46.479Z", "updated_at": "2021-12-19T16:06:18.618Z", "name": "James Rivas", "date_of_birth": "1999-06-18", "registration_number": "2017338064", "batch": null, "graduation_year": "2022", "is_employed": false, "email": "et.commodo@icloud.ca", "contact_number": "(575) 332-3748", "company": "Dash", "designation": "Backend Developer", "biography": "", "profile_picture": 1, "is_featured": false, "present_address": 63, "permanent_address": 63, "is_active": false, "user": null, "pictures": [1]}}, {"model": "app_alumni.alumni", "pk": 65, "fields": {"created_at": "2021-12-19T15:40:46.479Z", "updated_at": "2021-12-19T16:06:18.620Z", "name": "Tanisha Kaufman", "date_of_birth": "1999-06-18", "registration_number": "2017338065", "batch": null, "graduation_year": "2022", "is_employed": true, "email": "in.consectetuer@hotmail.org", "contact_number": "(621) 282-4645", "company": "Dash", "designation": "Backend Developer", "biography": "", "profile_picture": 1, "is_featured": false, "present_address": 80, "permanent_address": 80, "is_active": false, "user": null, "pictures": [1]}}, {"model": "app_alumni.alumni", "pk": 66, "fields": {"created_at": "2021-12-19T15:40:46.479Z", "updated_at": "2021-12-19T16:06:18.621Z", "name": "Emerson Caldwell", "date_of_birth": "1999-06-18", "registration_number": "2017338066", "batch": null, "graduation_year": "2022", "is_employed": false, "email": "aliquam.vulputate@hotmail.edu", "contact_number": "(135) 779-8697", "company": "Dash", "designation": "Backend Developer", "biography": "", "profile_picture": 1, "is_featured": true, "present_address": 48, "permanent_address": 48, "is_active": false, "user": null, "pictures": [1]}}, {"model": "app_alumni.alumni", "pk": 67, "fields": {"created_at": "2021-12-19T15:40:46.479Z", "updated_at": "2021-12-19T16:06:18.623Z", "name": "Harlan Fisher", "date_of_birth": "1999-06-18", "registration_number": "2017338067", "batch": null, "graduation_year": "2022", "is_employed": true, "email": "parturient.montes.nascetur@hotmail.ca", "contact_number": "(650) 612-8679", "company": "Dash", "designation": "Backend Developer", "biography": "", "profile_picture": 1, "is_featured": false, "present_address": 89, "permanent_address": 89, "is_active": false, "user": null, "pictures": [1]}}, {"model": "app_alumni.alumni", "pk": 68, "fields": {"created_at": "2021-12-19T15:40:46.479Z", "updated_at": "2021-12-19T16:06:18.624Z", "name": "Kylan Sims", "date_of_birth": "1999-06-18", "registration_number": "2017338068", "batch": null, "graduation_year": "2022", "is_employed": false, "email": "nam@aol.couk", "contact_number": "(713) 358-7167", "company": "Dash", "designation": "Backend Developer", "biography": "", "profile_picture": 1, "is_featured": true, "present_address": 57, "permanent_address": 57, "is_active": false, "user": null, "pictures": [1]}}, {"model": "app_alumni.alumni", "pk": 69, "fields": {"created_at": "2021-12-19T15:40:46.479Z", "updated_at": "2021-12-19T16:06:18.626Z", "name": "Noah Chambers", "date_of_birth": "1999-06-18", "registration_number": "2017338069", "batch": null, "graduation_year": "2022", "is_employed": true, "email": "metus.facilisis@protonmail.edu", "contact_number": "(516) 161-7455", "company": "Dash", "designation": "Backend Developer", "biography": "", "profile_picture": 1, "is_featured": true, "present_address": 19, "permanent_address": 19, "is_active": false, "user": null, "pictures": [1]}}, {"model": "app_alumni.alumni", "pk": 70, "fields": {"created_at": "2021-12-19T15:40:46.479Z", "updated_at": "2021-12-19T16:06:18.627Z", "name": "David Tyson", "date_of_birth": "1999-06-18", "registration_number": "2017338070", "batch": null, "graduation_year": "2022", "is_employed": false, "email": "felis@icloud.org", "contact_number": "(735) 417-8789", "company": "Dash", "designation": "Backend Developer", "biography": "", "profile_picture": 1, "is_featured": false, "present_address": 80, "permanent_address": 80, "is_active": false, "user": null, "pictures": [1]}}, {"model": "app_alumni.alumni", "pk": 71, "fields": {"created_at": "2021-12-19T15:40:46.479Z", "updated_at": "2021-12-19T16:06:18.628Z", "name": "Jacqueline Huff", "date_of_birth": "1999-06-18", "registration_number": "2017338071", "batch": null, "graduation_year": "2022", "is_employed": true, "email": "eget@outlook.com", "contact_number": "(745) 382-3816", "company": "Dash", "designation": "Backend Developer", "biography": "", "profile_picture": 1, "is_featured": false, "present_address": 64, "permanent_address": 64, "is_active": false, "user": null, "pictures": [1]}}, {"model": "app_alumni.alumni", "pk": 72, "fields": {"created_at": "2021-12-19T15:40:46.479Z", "updated_at": "2021-12-19T16:06:18.629Z", "name": "Winifred Barrett", "date_of_birth": "1999-06-18", "registration_number": "2017338072", "batch": null, "graduation_year": "2022", "is_employed": true, "email": "hendrerit@hotmail.net", "contact_number": "1-865-933-7913", "company": "Dash", "designation": "Backend Developer", "biography": "", "profile_picture": 1, "is_featured": false, "present_address": 65, "permanent_address": 65, "is_active": false, "user": null, "pictures": [1]}}, {"model": "app_alumni.alumni", "pk": 73, "fields": {"created_at": "2021-12-19T15:40:46.479Z", "updated_at": "2021-12-19T16:06:18.631Z", "name": "Cooper Henry", "date_of_birth": "1999-06-18", "registration_number": "2017338073", "batch": null, "graduation_year": "2022", "is_employed": false, "email": "condimentum.donec@yahoo.org", "contact_number": "1-274-777-8852", "company": "Dash", "designation": "Backend Developer", "biography": "", "profile_picture": 1, "is_featured": false, "present_address": 37, "permanent_address": 37, "is_active": false, "user": null, "pictures": [1]}}, {"model": "app_alumni.alumni", "pk": 74, "fields": {"created_at": "2021-12-19T15:40:46.479Z", "updated_at": "2021-12-19T16:06:18.632Z", "name": "Bell Vang", "date_of_birth": "1999-06-18", "registration_number": "2017338074", "batch": null, "graduation_year": "2022", "is_employed": true, "email": "morbi.vehicula@yahoo.net", "contact_number": "(814) 533-4623", "company": "Dash", "designation": "Backend Developer", "biography": "", "profile_picture": 1, "is_featured": true, "present_address": 5, "permanent_address": 5, "is_active": false, "user": null, "pictures": [1]}}, {"model": "app_alumni.alumni", "pk": 75, "fields": {"created_at": "2021-12-19T15:40:46.479Z", "updated_at": "2021-12-19T16:06:18.633Z", "name": "Sharon Mosley", "date_of_birth": "1999-06-18", "registration_number": "2017338075", "batch": null, "graduation_year": "2022", "is_employed": true, "email": "purus.maecenas@icloud.couk", "contact_number": "(255) 533-4737", "company": "Dash", "designation": "Backend Developer", "biography": "", "profile_picture": 1, "is_featured": false, "present_address": 47, "permanent_address": 47, "is_active": false, "user": null, "pictures": [1]}}, {"model": "app_alumni.alumni", "pk": 76, "fields": {"created_at": "2021-12-19T15:40:46.479Z", "updated_at": "2021-12-19T16:06:18.635Z", "name": "Rina Kerr", "date_of_birth": "1999-06-18", "registration_number": "2017338076", "batch": null, "graduation_year": "2022", "is_employed": true, "email": "dignissim.lacus.aliquam@hotmail.edu", "contact_number": "(647) 985-5159", "company": "Dash", "designation": "Backend Developer", "biography": "", "profile_picture": 1, "is_featured": true, "present_address": 94, "permanent_address": 94, "is_active": false, "user": null, "pictures": [1]}}, {"model": "app_alumni.alumni", "pk": 77, "fields": {"created_at": "2021-12-19T15:40:46.479Z", "updated_at": "2021-12-19T16:06:18.637Z", "name": "Donna Mercer", "date_of_birth": "1999-06-18", "registration_number": "2017338077", "batch": null, "graduation_year": "2022", "is_employed": false, "email": "ultrices@yahoo.edu", "contact_number": "1-636-847-2728", "company": "Dash", "designation": "Backend Developer", "biography": "", "profile_picture": 1, "is_featured": true, "present_address": 49, "permanent_address": 49, "is_active": false, "user": null, "pictures": [1]}}, {"model": "app_alumni.alumni", "pk": 78, "fields": {"created_at": "2021-12-19T15:40:46.479Z", "updated_at": "2021-12-19T16:06:18.638Z", "name": "Imani Erickson", "date_of_birth": "1999-06-18", "registration_number": "2017338078", "batch": null, "graduation_year": "2022", "is_employed": true, "email": "fusce@hotmail.net", "contact_number": "1-476-222-7516", "company": "Dash", "designation": "Backend Developer", "biography": "", "profile_picture": 1, "is_featured": false, "present_address": 70, "permanent_address": 70, "is_active": false, "user": null, "pictures": [1]}}, {"model": "app_alumni.alumni", "pk": 79, "fields": {"created_at": "2021-12-19T15:40:46.479Z", "updated_at": "2021-12-19T16:06:18.639Z", "name": "Dorian Macdonald", "date_of_birth": "1999-06-18", "registration_number": "2017338079", "batch": null, "graduation_year": "2022", "is_employed": true, "email": "non.dui.nec@protonmail.ca", "contact_number": "(456) 236-4750", "company": "Dash", "designation": "Backend Developer", "biography": "", "profile_picture": 1, "is_featured": false, "present_address": 101, "permanent_address": 101, "is_active": false, "user": null, "pictures": [1]}}, {"model": "app_alumni.alumni", "pk": 80, "fields": {"created_at": "2021-12-19T15:40:46.479Z", "updated_at": "2021-12-19T16:06:18.640Z", "name": "Madison Ashley", "date_of_birth": "1999-06-18", "registration_number": "2017338080", "batch": null, "graduation_year": "2022", "is_employed": false, "email": "convallis.est@aol.net", "contact_number": "1-672-441-1429", "company": "Dash", "designation": "Backend Developer", "biography": "", "profile_picture": 1, "is_featured": true, "present_address": 51, "permanent_address": 51, "is_active": false, "user": null, "pictures": [1]}}, {"model": "app_alumni.alumni", "pk": 81, "fields": {"created_at": "2021-12-19T15:40:46.479Z", "updated_at": "2021-12-19T16:06:18.642Z", "name": "Axel Britt", "date_of_birth": "1999-06-18", "registration_number": "2017338081", "batch": null, "graduation_year": "2022", "is_employed": true, "email": "eu@aol.ca", "contact_number": "(623) 520-1544", "company": "Dash", "designation": "Backend Developer", "biography": "", "profile_picture": 1, "is_featured": true, "present_address": 65, "permanent_address": 65, "is_active": false, "user": null, "pictures": [1]}}, {"model": "app_alumni.alumni", "pk": 82, "fields": {"created_at": "2021-12-19T15:40:46.479Z", "updated_at": "2022-01-18T18:34:24.011Z", "name": "Lareina Santana", "date_of_birth": "1999-06-18", "registration_number": "2017338082", "batch": null, "graduation_year": "2022", "is_employed": true, "email": "velit@yahoo.org", "contact_number": "(166) 769-2474", "company": "Dash", "designation": "Backend Developer", "biography": "", "profile_picture": 2, "is_featured": true, "present_address": 30, "permanent_address": 30, "is_active": false, "user": null, "pictures": [1]}}, {"model": "app_alumni.alumni", "pk": 83, "fields": {"created_at": "2021-12-19T15:40:46.479Z", "updated_at": "2021-12-19T16:06:18.644Z", "name": "Unity Hampton", "date_of_birth": "1999-06-18", "registration_number": "2017338083", "batch": null, "graduation_year": "2022", "is_employed": false, "email": "sed.nunc@outlook.net", "contact_number": "(691) 342-5136", "company": "Dash", "designation": "Backend Developer", "biography": "", "profile_picture": 1, "is_featured": false, "present_address": 24, "permanent_address": 24, "is_active": false, "user": null, "pictures": [1]}}, {"model": "app_alumni.alumni", "pk": 84, "fields": {"created_at": "2021-12-19T15:40:46.479Z", "updated_at": "2021-12-19T16:06:18.645Z", "name": "Jeanette Boone", "date_of_birth": "1999-06-18", "registration_number": "2017338084", "batch": null, "graduation_year": "2022", "is_employed": true, "email": "vestibulum.ante.ipsum@aol.net", "contact_number": "(201) 182-2273", "company": "Dash", "designation": "Backend Developer", "biography": "", "profile_picture": 1, "is_featured": false, "present_address": 82, "permanent_address": 82, "is_active": false, "user": null, "pictures": [1]}}, {"model": "app_alumni.alumni", "pk": 85, "fields": {"created_at": "2021-12-19T15:40:46.479Z", "updated_at": "2021-12-19T16:06:18.647Z", "name": "Colorado Casey", "date_of_birth": "1999-06-18", "registration_number": "2017338085", "batch": null, "graduation_year": "2022", "is_employed": true, "email": "semper@hotmail.couk", "contact_number": "(253) 776-5732", "company": "Dash", "designation": "Backend Developer", "biography": "", "profile_picture": 1, "is_featured": false, "present_address": 49, "permanent_address": 49, "is_active": false, "user": null, "pictures": [1]}}, {"model": "app_alumni.alumni", "pk": 86, "fields": {"created_at": "2021-12-19T15:40:46.479Z", "updated_at": "2021-12-19T16:06:18.649Z", "name": "Kibo Small", "date_of_birth": "1999-06-18", "registration_number": "2017338086", "batch": null, "graduation_year": "2022", "is_employed": false, "email": "bibendum.donec.felis@google.net", "contact_number": "1-348-413-9150", "company": "Dash", "designation": "Backend Developer", "biography": "", "profile_picture": 1, "is_featured": true, "present_address": 94, "permanent_address": 94, "is_active": false, "user": null, "pictures": [1]}}, {"model": "app_alumni.alumni", "pk": 87, "fields": {"created_at": "2021-12-19T15:40:46.479Z", "updated_at": "2021-12-19T16:06:18.651Z", "name": "Alvin Nichols", "date_of_birth": "1999-06-18", "registration_number": "2017338087", "batch": null, "graduation_year": "2022", "is_employed": true, "email": "leo.morbi@outlook.edu", "contact_number": "1-443-917-2621", "company": "Dash", "designation": "Backend Developer", "biography": "", "profile_picture": 1, "is_featured": true, "present_address": 34, "permanent_address": 34, "is_active": false, "user": null, "pictures": [1]}}, {"model": "app_alumni.alumni", "pk": 88, "fields": {"created_at": "2021-12-19T15:40:46.479Z", "updated_at": "2021-12-19T16:06:18.654Z", "name": "Veda Sandoval", "date_of_birth": "1999-06-18", "registration_number": "2017338088", "batch": null, "graduation_year": "2022", "is_employed": false, "email": "ut@hotmail.edu", "contact_number": "(258) 711-4761", "company": "Dash", "designation": "Backend Developer", "biography": "", "profile_picture": 1, "is_featured": false, "present_address": 37, "permanent_address": 37, "is_active": false, "user": null, "pictures": [1]}}, {"model": "app_alumni.alumni", "pk": 89, "fields": {"created_at": "2021-12-19T15:40:46.479Z", "updated_at": "2021-12-19T16:06:18.656Z", "name": "Nathaniel Stark", "date_of_birth": "1999-06-18", "registration_number": "2017338089", "batch": null, "graduation_year": "2022", "is_employed": false, "email": "semper@outlook.edu", "contact_number": "(241) 275-6409", "company": "Dash", "designation": "Backend Developer", "biography": "", "profile_picture": 1, "is_featured": true, "present_address": 46, "permanent_address": 46, "is_active": false, "user": null, "pictures": [1]}}, {"model": "app_alumni.alumni", "pk": 90, "fields": {"created_at": "2021-12-19T15:40:46.479Z", "updated_at": "2021-12-19T16:06:18.658Z", "name": "Teegan Dillard", "date_of_birth": "1999-06-18", "registration_number": "2017338090", "batch": null, "graduation_year": "2022", "is_employed": true, "email": "mauris@hotmail.net", "contact_number": "1-431-486-6523", "company": "Dash", "designation": "Backend Developer", "biography": "", "profile_picture": 1, "is_featured": false, "present_address": 19, "permanent_address": 19, "is_active": false, "user": null, "pictures": [1]}}, {"model": "app_alumni.alumni", "pk": 91, "fields": {"created_at": "2021-12-19T15:40:46.479Z", "updated_at": "2022-01-18T19:39:36.931Z", "name": "Louis Duke", "date_of_birth": "1999-06-18", "registration_number": "2017338091", "batch": null, "graduation_year": "2022", "is_employed": false, "email": "tempor.diam@outlook.org", "contact_number": "1-544-864-4442", "company": "Dash", "designation": "Backend Developer", "biography": "", "profile_picture": 1, "is_featured": true, "present_address": 93, "permanent_address": 93, "is_active": false, "user": null, "pictures": [1]}}, {"model": "app_alumni.alumni", "pk": 92, "fields": {"created_at": "2021-12-19T15:40:46.479Z", "updated_at": "2021-12-19T16:06:18.663Z", "name": "Berk Franks", "date_of_birth": "1999-06-18", "registration_number": "2017338092", "batch": null, "graduation_year": "2022", "is_employed": false, "email": "lorem@icloud.ca", "contact_number": "1-414-677-5278", "company": "Dash", "designation": "Backend Developer", "biography": "", "profile_picture": 1, "is_featured": false, "present_address": 72, "permanent_address": 72, "is_active": false, "user": null, "pictures": [1]}}, {"model": "app_alumni.alumni", "pk": 93, "fields": {"created_at": "2021-12-19T15:40:46.479Z", "updated_at": "2021-12-19T16:06:18.665Z", "name": "Brandon Bell", "date_of_birth": "1999-06-18", "registration_number": "2017338093", "batch": null, "graduation_year": "2022", "is_employed": false, "email": "faucibus.orci@yahoo.org", "contact_number": "1-242-550-5553", "company": "Dash", "designation": "Backend Developer", "biography": "", "profile_picture": 1, "is_featured": false, "present_address": 76, "permanent_address": 76, "is_active": false, "user": null, "pictures": [1]}}, {"model": "app_alumni.alumni", "pk": 94, "fields": {"created_at": "2021-12-19T15:40:46.479Z", "updated_at": "2022-01-18T19:39:27.191Z", "name": "Jasmine Herring", "date_of_birth": "1999-06-18", "registration_number": "2017338094", "batch": null, "graduation_year": "2022", "is_employed": false, "email": "ut.pellentesque@icloud.couk", "contact_number": "1-779-172-3846", "company": "Dash", "designation": "Backend Developer", "biography": "", "profile_picture": 1, "is_featured": true, "present_address": 9, "permanent_address": 9, "is_active": false, "user": null, "pictures": [1]}}, {"model": "app_alumni.alumni", "pk": 95, "fields": {"created_at": "2021-12-19T15:40:46.479Z", "updated_at": "2021-12-19T16:06:18.671Z", "name": "Hamish White", "date_of_birth": "1999-06-18", "registration_number": "2017338095", "batch": null, "graduation_year": "2022", "is_employed": false, "email": "at@yahoo.edu", "contact_number": "(508) 581-7465", "company": "Dash", "designation": "Backend Developer", "biography": "", "profile_picture": 1, "is_featured": false, "present_address": 43, "permanent_address": 43, "is_active": false, "user": null, "pictures": [1]}}, {"model": "app_alumni.alumni", "pk": 96, "fields": {"created_at": "2021-12-19T15:40:46.479Z", "updated_at": "2022-01-18T18:35:12.657Z", "name": "Reed Browning", "date_of_birth": "1999-06-18", "registration_number": "2017338096", "batch": null, "graduation_year": "2022", "is_employed": true, "email": "etiam.bibendum.fermentum@outlook.com", "contact_number": "(552) 872-7453", "company": "Dash", "designation": "Backend Developer", "biography": "", "profile_picture": 3, "is_featured": false, "present_address": 12, "permanent_address": 12, "is_active": false, "user": null, "pictures": [1]}}, {"model": "app_alumni.alumni", "pk": 97, "fields": {"created_at": "2021-12-19T15:40:46.479Z", "updated_at": "2022-01-18T19:38:53.087Z", "name": "Coby Ramirez", "date_of_birth": "1999-06-18", "registration_number": "2017338097", "batch": null, "graduation_year": "2022", "is_employed": false, "email": "sodales.mauris@aol.com", "contact_number": "1-681-221-0082", "company": "Dash", "designation": "Backend Developer", "biography": "", "profile_picture": 1, "is_featured": true, "present_address": 1, "permanent_address": 1, "is_active": false, "user": null, "pictures": [1]}}, {"model": "app_alumni.alumni", "pk": 98, "fields": {"created_at": "2021-12-19T15:40:46.479Z", "updated_at": "2022-01-18T19:39:14.886Z", "name": "Caryn Erickson", "date_of_birth": "1999-06-18", "registration_number": "2017338098", "batch": null, "graduation_year": "2022", "is_employed": false, "email": "lacus.quisque.purus@protonmail.net", "contact_number": "1-184-671-8816", "company": "Dash", "designation": "Backend Developer", "biography": "", "profile_picture": 1, "is_featured": true, "present_address": 14, "permanent_address": 14, "is_active": false, "user": null, "pictures": [1]}}, {"model": "app_alumni.alumni", "pk": 99, "fields": {"created_at": "2021-12-19T15:40:46.479Z", "updated_at": "2022-01-27T14:02:44.283Z", "name": "Unity Reynolds", "date_of_birth": "1999-06-18", "registration_number": "2010338013", "batch": 4, "graduation_year": "2022", "is_employed": false, "email": "in.faucibus@yahoo.org", "contact_number": "1-772-301-8649", "company": "Dash", "designation": "Backend Developer", "biography": "", "profile_picture": 4, "is_featured": true, "present_address": 98, "permanent_address": 98, "is_active": false, "user": null, "pictures": [1]}}, {"model": "app_alumni.alumni", "pk": 100, "fields": {"created_at": "2021-12-19T15:40:46.479Z", "updated_at": "2022-01-27T14:01:54.351Z", "name": "Lydia Mcleod", "date_of_birth": "1999-06-18", "registration_number": "2017338004", "batch": 1, "graduation_year": "2022", "is_employed": false, "email": "posuere.vulputate@aol.org", "contact_number": "(638) 503-1295", "company": "Dash", "designation": "Backend Developer", "biography": "", "profile_picture": 1, "is_featured": false, "present_address": 22, "permanent_address": 22, "is_active": false, "user": null, "pictures": [1]}}, {"model": "app_alumni.alumni", "pk": 101, "fields": {"created_at": "2021-12-19T15:40:46.479Z", "updated_at": "2022-01-27T14:01:39.090Z", "name": "Abra Stevens", "date_of_birth": "1999-06-18", "registration_number": "2011338013", "batch": 5, "graduation_year": "2022", "is_employed": true, "email": "arcu@yahoo.couk", "contact_number": "1-672-699-7938", "company": "Dash", "designation": "Backend Developer", "biography": "", "profile_picture": 1, "is_featured": false, "present_address": 12, "permanent_address": 12, "is_active": false, "user": null, "pictures": [1]}}, {"model": "app_alumni.alumni", "pk": 102, "fields": {"created_at": "2021-12-19T15:40:46.479Z", "updated_at": "2022-01-27T14:01:20.150Z", "name": "Lance Austin", "date_of_birth": "1999-06-18", "registration_number": "2016338013", "batch": 2, "graduation_year": "2022", "is_employed": false, "email": "augue.eu@google.net", "contact_number": "(516) 677-1852", "company": "Dash", "designation": "Backend Developer", "biography": "", "profile_picture": 1, "is_featured": true, "present_address": 45, "permanent_address": 45, "is_active": false, "user": null, "pictures": [1]}}, {"model": "app_alumni.alumni", "pk": 103, "fields": {"created_at": "2021-12-19T15:40:46.479Z", "updated_at": "2022-01-27T14:01:31.405Z", "name": "Claire Manning", "date_of_birth": "1999-06-18", "registration_number": "2017338006", "batch": 1, "graduation_year": "2022", "is_employed": true, "email": "non@outlook.couk", "contact_number": "(160) 751-3832", "company": "Dash", "designation": "Backend Developer", "biography": "", "profile_picture": 2, "is_featured": false, "present_address": 23, "permanent_address": 23, "is_active": false, "user": null, "pictures": [1]}}, {"model": "app_alumni.alumni", "pk": 105, "fields": {"created_at": "2022-03-28T18:12:13.990Z", "updated_at": "2022-03-28T18:12:13.990Z", "name": "Mehedi Hasan", "date_of_birth": "2022-03-16", "registration_number": "2022338054", "batch": 2, "graduation_year": "2022", "is_employed": false, "email": "mehedi@mydash.ai", "contact_number": "+8801739249396", "company": "", "designation": "", "biography": "I'm 24x7 busy", "profile_picture": 8, "is_featured": false, "present_address": 107, "permanent_address": 108, "is_active": false, "user": null, "pictures": []}}, {"model": "app_alumni.alumni", "pk": 106, "fields": {"created_at": "2022-03-28T18:13:36.434Z", "updated_at": "2022-03-28T18:13:36.435Z", "name": "Mehedi Hasan", "date_of_birth": "2022-03-16", "registration_number": "2022338051", "batch": 2, "graduation_year": "2022", "is_employed": false, "email": "mehedi2@mydash.ai", "contact_number": "+8801739249396", "company": "", "designation": "", "biography": "I'm 24x7 busy", "profile_picture": 9, "is_featured": false, "present_address": 109, "permanent_address": 110, "is_active": false, "user": null, "pictures": []}}, {"model": "app_alumni.picture", "pk": 1, "fields": {"created_at": "2021-12-19T15:40:27.257Z", "updated_at": "2021-12-19T15:40:27.257Z", "picture": "pictures/_MG_0677.JPG"}}, {"model": "app_alumni.picture", "pk": 2, "fields": {"created_at": "2022-01-18T18:33:20.955Z", "updated_at": "2022-01-18T18:33:20.955Z", "picture": "pictures/IMG_20211223_204412.jpg"}}, {"model": "app_alumni.picture", "pk": 3, "fields": {"created_at": "2022-01-18T18:35:07.634Z", "updated_at": "2022-01-18T18:35:07.634Z", "picture": "pictures/1639736585072.jpg"}}, {"model": "app_alumni.picture", "pk": 4, "fields": {"created_at": "2022-01-18T18:36:34.208Z", "updated_at": "2022-01-18T18:36:34.208Z", "picture": "pictures/IMG_20211204_131745.jpg"}}, {"model": "app_alumni.picture", "pk": 5, "fields": {"created_at": "2022-01-18T20:36:58.904Z", "updated_at": "2022-01-18T20:36:58.904Z", "picture": "pictures/1639736585072_K1Q984x.jpg"}}, {"model": "app_alumni.picture", "pk": 6, "fields": {"created_at": "2022-01-31T09:08:06.947Z", "updated_at": "2022-01-31T09:08:06.947Z", "picture": "pictures/78066988_2493866720731077_261436398769274880_n.jpg"}}, {"model": "app_alumni.picture", "pk": 7, "fields": {"created_at": "2022-03-28T18:08:10.251Z", "updated_at": "2022-03-28T18:08:10.251Z", "picture": "pictures/Group_1.png"}}, {"model": "app_alumni.picture", "pk": 8, "fields": {"created_at": "2022-03-28T18:12:13.972Z", "updated_at": "2022-03-28T18:12:13.972Z", "picture": "pictures/Group_1_eQB18HE.png"}}, {"model": "app_alumni.picture", "pk": 9, "fields": {"created_at": "2022-03-28T18:13:36.405Z", "updated_at": "2022-03-28T18:13:36.405Z", "picture": "pictures/Group_1_vVAyVUY.png"}}, {"model": "app_alumni.address", "pk": 1, "fields": {"created_at": "2021-12-19T15:49:23.674Z", "updated_at": "2021-12-19T15:49:23.674Z", "address": "22 Boston Wharf Rd", "state": "Massachussets", "city": "Boston", "zip_code": "02210", "country": "United States"}}, {"model": "app_alumni.address", "pk": 3, "fields": {"created_at": "2021-12-19T15:40:46.479Z", "updated_at": "2021-12-19T15:49:32.764Z", "address": "Ap #862-4106 Dolor. St.", "state": "Lambayeque", "city": "Lambayeque", "zip_code": "874083", "country": "Turkey"}}, {"model": "app_alumni.address", "pk": 4, "fields": {"created_at": "2021-12-19T15:40:46.479Z", "updated_at": "2021-12-19T15:49:32.764Z", "address": "892-3465 Lorem, Rd.", "state": "Sachsen", "city": "Sachsen", "zip_code": "95323-44919", "country": "Nigeria"}}, {"model": "app_alumni.address", "pk": 5, "fields": {"created_at": "2021-12-19T15:40:46.479Z", "updated_at": "2021-12-19T15:49:32.764Z", "address": "3210 Eu, Road", "state": "Stockholms ln", "city": "Stockholms ln", "zip_code": "614221", "country": "India"}}, {"model": "app_alumni.address", "pk": 6, "fields": {"created_at": "2021-12-19T15:40:46.479Z", "updated_at": "2021-12-19T15:49:32.764Z", "address": "P.O. Box 747, 5236 Dui. Av.", "state": "Liguria", "city": "Liguria", "zip_code": "12902", "country": "Nigeria"}}, {"model": "app_alumni.address", "pk": 7, "fields": {"created_at": "2021-12-19T15:40:46.479Z", "updated_at": "2021-12-19T15:49:32.764Z", "address": "P.O. Box 338, 4638 Etiam Rd.", "state": "Arunachal Pradesh", "city": "Arunachal Pradesh", "zip_code": "51367-11544", "country": "Pakistan"}}, {"model": "app_alumni.address", "pk": 8, "fields": {"created_at": "2021-12-19T15:40:46.479Z", "updated_at": "2021-12-19T15:49:32.764Z", "address": "591-8072 Elit. Ave", "state": "Saarland", "city": "Saarland", "zip_code": "474213", "country": "Sweden"}}, {"model": "app_alumni.address", "pk": 9, "fields": {"created_at": "2021-12-19T15:40:46.479Z", "updated_at": "2021-12-19T15:49:32.764Z", "address": "966-4215 Eget St.", "state": "Bryansk Oblast", "city": "Bryansk Oblast", "zip_code": "1328", "country": "Costa Rica"}}, {"model": "app_alumni.address", "pk": 10, "fields": {"created_at": "2021-12-19T15:40:46.479Z", "updated_at": "2021-12-19T15:49:32.764Z", "address": "977-7449 Feugiat. Rd.", "state": "Euskadi", "city": "Euskadi", "zip_code": "17626", "country": "Belgium"}}, {"model": "app_alumni.address", "pk": 11, "fields": {"created_at": "2021-12-19T15:40:46.479Z", "updated_at": "2021-12-19T15:49:32.764Z", "address": "5538 Arcu. Street", "state": "Pernambuco", "city": "Pernambuco", "zip_code": "TR1 4YH", "country": "Austria"}}, {"model": "app_alumni.address", "pk": 12, "fields": {"created_at": "2021-12-19T15:40:46.479Z", "updated_at": "2021-12-19T15:49:32.764Z", "address": "5343 Sed St.", "state": "Sonora", "city": "Sonora", "zip_code": "8915", "country": "South Korea"}}, {"model": "app_alumni.address", "pk": 13, "fields": {"created_at": "2021-12-19T15:40:46.479Z", "updated_at": "2021-12-19T15:49:32.764Z", "address": "P.O. Box 610, 1042 Suscipit St.", "state": "Maluku", "city": "Maluku", "zip_code": "746931", "country": "Ireland"}}, {"model": "app_alumni.address", "pk": 14, "fields": {"created_at": "2021-12-19T15:40:46.479Z", "updated_at": "2021-12-19T15:49:32.764Z", "address": "648-4124 Rutrum. Street", "state": "Salzburg", "city": "Salzburg", "zip_code": "57518", "country": "South Korea"}}, {"model": "app_alumni.address", "pk": 15, "fields": {"created_at": "2021-12-19T15:40:46.479Z", "updated_at": "2021-12-19T15:49:32.764Z", "address": "Ap #532-4244 Nibh. Road", "state": "Mecklenburg-Vorpommern", "city": "Mecklenburg-Vorpommern", "zip_code": "53744", "country": "New Zealand"}}, {"model": "app_alumni.address", "pk": 16, "fields": {"created_at": "2021-12-19T15:40:46.479Z", "updated_at": "2021-12-19T15:49:32.764Z", "address": "467-203 Donec St.", "state": "Kaluga Oblast", "city": "Kaluga Oblast", "zip_code": "9865", "country": "Turkey"}}, {"model": "app_alumni.address", "pk": 17, "fields": {"created_at": "2021-12-19T15:40:46.479Z", "updated_at": "2021-12-19T15:49:32.764Z", "address": "845-2553 Nunc Road", "state": "Samsun", "city": "Samsun", "zip_code": "77197", "country": "Germany"}}, {"model": "app_alumni.address", "pk": 18, "fields": {"created_at": "2021-12-19T15:40:46.479Z", "updated_at": "2021-12-19T15:49:32.764Z", "address": "Ap #272-2719 Vitae Rd.", "state": "South Gyeongsang", "city": "South Gyeongsang", "zip_code": "56831", "country": "China"}}, {"model": "app_alumni.address", "pk": 19, "fields": {"created_at": "2021-12-19T15:40:46.479Z", "updated_at": "2021-12-19T15:49:32.764Z", "address": "P.O. Box 388, 1829 Massa. St.", "state": "San Jos", "city": "San Jos", "zip_code": "GT1U 9BZ", "country": "Peru"}}, {"model": "app_alumni.address", "pk": 20, "fields": {"created_at": "2021-12-19T15:40:46.479Z", "updated_at": "2021-12-19T15:49:32.764Z", "address": "2158 Ut Street", "state": "Iowa", "city": "Iowa", "zip_code": "12235", "country": "Turkey"}}, {"model": "app_alumni.address", "pk": 21, "fields": {"created_at": "2021-12-19T15:40:46.479Z", "updated_at": "2021-12-19T15:49:32.764Z", "address": "P.O. Box 395, 2783 Ac, St.", "state": "Ohio", "city": "Ohio", "zip_code": "21252", "country": "Turkey"}}, {"model": "app_alumni.address", "pk": 22, "fields": {"created_at": "2021-12-19T15:40:46.479Z", "updated_at": "2021-12-19T15:49:32.764Z", "address": "Ap #678-371 In, Avenue", "state": "South Island", "city": "South Island", "zip_code": "YO41 3OW", "country": "Belgium"}}, {"model": "app_alumni.address", "pk": 23, "fields": {"created_at": "2021-12-19T15:40:46.479Z", "updated_at": "2021-12-19T15:49:32.764Z", "address": "P.O. Box 927, 6236 Id Rd.", "state": "Piura", "city": "Piura", "zip_code": "34734", "country": "Germany"}}, {"model": "app_alumni.address", "pk": 24, "fields": {"created_at": "2021-12-19T15:40:46.479Z", "updated_at": "2021-12-19T15:49:32.764Z", "address": "3187 Eleifend St.", "state": "North Sumatra", "city": "North Sumatra", "zip_code": "6311 ZK", "country": "Brazil"}}, {"model": "app_alumni.address", "pk": 25, "fields": {"created_at": "2021-12-19T15:40:46.479Z", "updated_at": "2021-12-19T15:49:32.764Z", "address": "P.O. Box 396, 9922 Leo. Rd.", "state": "Berlin", "city": "Berlin", "zip_code": "55247", "country": "Chile"}}, {"model": "app_alumni.address", "pk": 26, "fields": {"created_at": "2021-12-19T15:40:46.479Z", "updated_at": "2021-12-19T15:49:32.764Z", "address": "325-6164 Urna St.", "state": "Calabria", "city": "Calabria", "zip_code": "8811", "country": "Germany"}}, {"model": "app_alumni.address", "pk": 27, "fields": {"created_at": "2021-12-19T15:40:46.479Z", "updated_at": "2021-12-19T15:49:32.764Z", "address": "2880 Ut Ave", "state": "Pembrokeshire", "city": "Pembrokeshire", "zip_code": "188794", "country": "Australia"}}, {"model": "app_alumni.address", "pk": 28, "fields": {"created_at": "2021-12-19T15:40:46.479Z", "updated_at": "2021-12-19T15:49:32.764Z", "address": "Ap #859-286 Tempus Rd.", "state": "Bahia", "city": "Bahia", "zip_code": "17716", "country": "India"}}, {"model": "app_alumni.address", "pk": 29, "fields": {"created_at": "2021-12-19T15:40:46.479Z", "updated_at": "2021-12-19T15:49:32.764Z", "address": "Ap #314-3294 Vel Rd.", "state": "O'Higgins", "city": "O'Higgins", "zip_code": "816070", "country": "Indonesia"}}, {"model": "app_alumni.address", "pk": 30, "fields": {"created_at": "2021-12-19T15:40:46.479Z", "updated_at": "2021-12-19T15:49:32.764Z", "address": "463-4863 A Rd.", "state": "Schleswig-Holstein", "city": "Schleswig-Holstein", "zip_code": "7066", "country": "Indonesia"}}, {"model": "app_alumni.address", "pk": 31, "fields": {"created_at": "2021-12-19T15:40:46.479Z", "updated_at": "2021-12-19T15:49:32.764Z", "address": "Ap #222-5759 Etiam Street", "state": "Stockholms ln", "city": "Stockholms ln", "zip_code": "341401", "country": "New Zealand"}}, {"model": "app_alumni.address", "pk": 32, "fields": {"created_at": "2021-12-19T15:40:46.479Z", "updated_at": "2021-12-19T15:49:32.764Z", "address": "Ap #355-1288 Ultrices. Av.", "state": "Bc Ninh", "city": "Bc Ninh", "zip_code": "236728", "country": "Italy"}}, {"model": "app_alumni.address", "pk": 33, "fields": {"created_at": "2021-12-19T15:40:46.479Z", "updated_at": "2021-12-19T15:49:32.764Z", "address": "P.O. Box 774, 8057 Eros Rd.", "state": "Lower Austria", "city": "Lower Austria", "zip_code": "54737", "country": "Brazil"}}, {"model": "app_alumni.address", "pk": 34, "fields": {"created_at": "2021-12-19T15:40:46.479Z", "updated_at": "2021-12-19T15:49:32.764Z", "address": "3483 Gravida St.", "state": "Schleswig-Holstein", "city": "Schleswig-Holstein", "zip_code": "91540", "country": "Australia"}}, {"model": "app_alumni.address", "pk": 35, "fields": {"created_at": "2021-12-19T15:40:46.479Z", "updated_at": "2021-12-19T15:49:32.764Z", "address": "845-874 Orci St.", "state": "Nario", "city": "Nario", "zip_code": "2481", "country": "Russian Federation"}}, {"model": "app_alumni.address", "pk": 36, "fields": {"created_at": "2021-12-19T15:40:46.479Z", "updated_at": "2021-12-19T15:49:32.764Z", "address": "Ap #957-7236 Maecenas Street", "state": "Sevastopol City", "city": "Sevastopol City", "zip_code": "248077", "country": "Sweden"}}, {"model": "app_alumni.address", "pk": 37, "fields": {"created_at": "2021-12-19T15:40:46.479Z", "updated_at": "2021-12-19T15:49:32.764Z", "address": "553-3735 Sodales Rd.", "state": "Auvergne", "city": "Auvergne", "zip_code": "625771", "country": "Canada"}}, {"model": "app_alumni.address", "pk": 38, "fields": {"created_at": "2021-12-19T15:40:46.479Z", "updated_at": "2021-12-19T15:49:32.764Z", "address": "261-2021 Nulla St.", "state": "Ontario", "city": "Ontario", "zip_code": "253971", "country": "Austria"}}, {"model": "app_alumni.address", "pk": 39, "fields": {"created_at": "2021-12-19T15:40:46.479Z", "updated_at": "2021-12-19T15:49:32.764Z", "address": "311-6546 Vel St.", "state": "Dalarnas ln", "city": "Dalarnas ln", "zip_code": "283379", "country": "Italy"}}, {"model": "app_alumni.address", "pk": 40, "fields": {"created_at": "2021-12-19T15:40:46.479Z", "updated_at": "2021-12-19T15:49:32.764Z", "address": "Ap #920-4183 Sociis Rd.", "state": "Jnkpings ln", "city": "Jnkpings ln", "zip_code": "861241", "country": "Spain"}}, {"model": "app_alumni.address", "pk": 41, "fields": {"created_at": "2021-12-19T15:40:46.479Z", "updated_at": "2021-12-19T15:49:32.764Z", "address": "278-4059 Scelerisque Ave", "state": "Mexico City", "city": "Mexico City", "zip_code": "57427", "country": "Nigeria"}}, {"model": "app_alumni.address", "pk": 42, "fields": {"created_at": "2021-12-19T15:40:46.479Z", "updated_at": "2021-12-19T15:49:32.764Z", "address": "Ap #565-3477 Cras Road", "state": "Switokrzyskie", "city": "Switokrzyskie", "zip_code": "6452", "country": "Ireland"}}, {"model": "app_alumni.address", "pk": 43, "fields": {"created_at": "2021-12-19T15:40:46.479Z", "updated_at": "2021-12-19T15:49:32.764Z", "address": "Ap #810-8578 Mi. St.", "state": "Abruzzo", "city": "Abruzzo", "zip_code": "069464", "country": "Turkey"}}, {"model": "app_alumni.address", "pk": 44, "fields": {"created_at": "2021-12-19T15:40:46.479Z", "updated_at": "2021-12-19T15:49:32.764Z", "address": "747-8142 Ipsum Av.", "state": "Maopolskie", "city": "Maopolskie", "zip_code": "722929", "country": "Turkey"}}, {"model": "app_alumni.address", "pk": 45, "fields": {"created_at": "2021-12-19T15:40:46.479Z", "updated_at": "2021-12-19T15:49:32.764Z", "address": "656-2864 Metus St.", "state": "Par", "city": "Par", "zip_code": "50702", "country": "Colombia"}}, {"model": "app_alumni.address", "pk": 46, "fields": {"created_at": "2021-12-19T15:40:46.479Z", "updated_at": "2021-12-19T15:49:32.764Z", "address": "Ap #555-815 Donec St.", "state": "Kahramanmara", "city": "Kahramanmara", "zip_code": "267825", "country": "Netherlands"}}, {"model": "app_alumni.address", "pk": 47, "fields": {"created_at": "2021-12-19T15:40:46.479Z", "updated_at": "2021-12-19T15:49:32.764Z", "address": "P.O. Box 399, 8701 Nonummy Ave", "state": "Arequipa", "city": "Arequipa", "zip_code": "3229 OD", "country": "Sweden"}}, {"model": "app_alumni.address", "pk": 48, "fields": {"created_at": "2021-12-19T15:40:46.479Z", "updated_at": "2021-12-19T15:49:32.764Z", "address": "5459 Duis Street", "state": "Picardie", "city": "Picardie", "zip_code": "13761", "country": "Peru"}}, {"model": "app_alumni.address", "pk": 49, "fields": {"created_at": "2021-12-19T15:40:46.479Z", "updated_at": "2021-12-19T15:49:32.764Z", "address": "725 Urna. Road", "state": "Dalarnas ln", "city": "Dalarnas ln", "zip_code": "56846", "country": "China"}}, {"model": "app_alumni.address", "pk": 50, "fields": {"created_at": "2021-12-19T15:40:46.479Z", "updated_at": "2021-12-19T15:49:32.764Z", "address": "Ap #727-9862 Sit Street", "state": "So Paulo", "city": "So Paulo", "zip_code": "34670676", "country": "Nigeria"}}, {"model": "app_alumni.address", "pk": 51, "fields": {"created_at": "2021-12-19T15:40:46.479Z", "updated_at": "2021-12-19T15:49:32.764Z", "address": "Ap #301-6253 Aliquam Avenue", "state": "Tha ThinHu", "city": "Tha ThinHu", "zip_code": "939822", "country": "Italy"}}, {"model": "app_alumni.address", "pk": 52, "fields": {"created_at": "2021-12-19T15:40:46.479Z", "updated_at": "2021-12-19T15:49:32.764Z", "address": "1470 Non, Rd.", "state": "Noord Holland", "city": "Noord Holland", "zip_code": "7465 MI", "country": "Turkey"}}, {"model": "app_alumni.address", "pk": 53, "fields": {"created_at": "2021-12-19T15:40:46.479Z", "updated_at": "2021-12-19T15:49:32.764Z", "address": "P.O. Box 231, 9595 Egestas St.", "state": "Alberta", "city": "Alberta", "zip_code": "21448", "country": "Canada"}}, {"model": "app_alumni.address", "pk": 54, "fields": {"created_at": "2021-12-19T15:40:46.479Z", "updated_at": "2021-12-19T15:49:32.764Z", "address": "3664 A, Rd.", "state": "Jalisco", "city": "Jalisco", "zip_code": "10416", "country": "Brazil"}}, {"model": "app_alumni.address", "pk": 55, "fields": {"created_at": "2021-12-19T15:40:46.479Z", "updated_at": "2021-12-19T15:49:32.764Z", "address": "382-789 Dis St.", "state": "Styria", "city": "Styria", "zip_code": "41705", "country": "China"}}, {"model": "app_alumni.address", "pk": 56, "fields": {"created_at": "2021-12-19T15:40:46.479Z", "updated_at": "2021-12-19T15:49:32.764Z", "address": "Ap #495-6597 A Av.", "state": "in Bin", "city": "in Bin", "zip_code": "641222", "country": "Turkey"}}, {"model": "app_alumni.address", "pk": 57, "fields": {"created_at": "2021-12-19T15:40:46.479Z", "updated_at": "2021-12-19T15:49:32.764Z", "address": "336-932 Sit Road", "state": "North Island", "city": "North Island", "zip_code": "6767", "country": "Ireland"}}, {"model": "app_alumni.address", "pk": 58, "fields": {"created_at": "2021-12-19T15:40:46.479Z", "updated_at": "2021-12-19T15:49:32.764Z", "address": "Ap #280-488 Facilisi. Rd.", "state": "Gelderland", "city": "Gelderland", "zip_code": "36400", "country": "Chile"}}, {"model": "app_alumni.address", "pk": 59, "fields": {"created_at": "2021-12-19T15:40:46.479Z", "updated_at": "2021-12-19T15:49:32.764Z", "address": "409-4100 Id Avenue", "state": "Aquitaine", "city": "Aquitaine", "zip_code": "54531", "country": "Germany"}}, {"model": "app_alumni.address", "pk": 60, "fields": {"created_at": "2021-12-19T15:40:46.479Z", "updated_at": "2021-12-19T15:49:32.764Z", "address": "996 Aliquam Street", "state": "Munster", "city": "Munster", "zip_code": "74755", "country": "Canada"}}, {"model": "app_alumni.address", "pk": 61, "fields": {"created_at": "2021-12-19T15:40:46.479Z", "updated_at": "2021-12-19T15:49:32.764Z", "address": "630-9909 Vitae Avenue", "state": "Vlaams-Brabant", "city": "Vlaams-Brabant", "zip_code": "300364", "country": "Turkey"}}, {"model": "app_alumni.address", "pk": 62, "fields": {"created_at": "2021-12-19T15:40:46.479Z", "updated_at": "2021-12-19T15:49:32.764Z", "address": "Ap #928-8358 Integer St.", "state": "Risaralda", "city": "Risaralda", "zip_code": "6117 UJ", "country": "Colombia"}}, {"model": "app_alumni.address", "pk": 63, "fields": {"created_at": "2021-12-19T15:40:46.479Z", "updated_at": "2021-12-19T15:49:32.764Z", "address": "Ap #710-7864 Aliquet. St.", "state": "North Gyeongsang", "city": "North Gyeongsang", "zip_code": "11412", "country": "Costa Rica"}}, {"model": "app_alumni.address", "pk": 64, "fields": {"created_at": "2021-12-19T15:40:46.479Z", "updated_at": "2021-12-19T15:49:32.764Z", "address": "Ap #987-3580 Lorem, Rd.", "state": "South Island", "city": "South Island", "zip_code": "58273", "country": "Chile"}}, {"model": "app_alumni.address", "pk": 65, "fields": {"created_at": "2021-12-19T15:40:46.479Z", "updated_at": "2021-12-19T15:49:32.764Z", "address": "107-5963 Iaculis Street", "state": "Indiana", "city": "Indiana", "zip_code": "33617", "country": "Austria"}}, {"model": "app_alumni.address", "pk": 66, "fields": {"created_at": "2021-12-19T15:40:46.479Z", "updated_at": "2021-12-19T15:49:32.764Z", "address": "Ap #447-9935 Molestie Avenue", "state": "Quertaro", "city": "Quertaro", "zip_code": "683205", "country": "Poland"}}, {"model": "app_alumni.address", "pk": 67, "fields": {"created_at": "2021-12-19T15:40:46.479Z", "updated_at": "2021-12-19T15:49:32.764Z", "address": "844-5074 Ullamcorper. Ave", "state": "Mazowieckie", "city": "Mazowieckie", "zip_code": "674251", "country": "Colombia"}}, {"model": "app_alumni.address", "pk": 68, "fields": {"created_at": "2021-12-19T15:40:46.479Z", "updated_at": "2021-12-19T15:49:32.764Z", "address": "Ap #101-3179 Arcu Av.", "state": "Jeju", "city": "Jeju", "zip_code": "3175", "country": "India"}}, {"model": "app_alumni.address", "pk": 69, "fields": {"created_at": "2021-12-19T15:40:46.479Z", "updated_at": "2021-12-19T15:49:32.764Z", "address": "Ap #781-8175 Ipsum Av.", "state": "Ty Ninh", "city": "Ty Ninh", "zip_code": "58683", "country": "Austria"}}, {"model": "app_alumni.address", "pk": 70, "fields": {"created_at": "2021-12-19T15:40:46.479Z", "updated_at": "2021-12-19T15:49:32.764Z", "address": "877-571 Sed Av.", "state": "Sucre", "city": "Sucre", "zip_code": "17884", "country": "Italy"}}, {"model": "app_alumni.address", "pk": 71, "fields": {"created_at": "2021-12-19T15:40:46.479Z", "updated_at": "2021-12-19T15:49:32.764Z", "address": "Ap #812-7376 Semper Street", "state": "Smolensk Oblast", "city": "Smolensk Oblast", "zip_code": "213356", "country": "Austria"}}, {"model": "app_alumni.address", "pk": 72, "fields": {"created_at": "2021-12-19T15:40:46.479Z", "updated_at": "2021-12-19T15:49:32.764Z", "address": "5563 Suspendisse Rd.", "state": "Xnn", "city": "Xnn", "zip_code": "81381", "country": "Chile"}}, {"model": "app_alumni.address", "pk": 73, "fields": {"created_at": "2021-12-19T15:40:46.479Z", "updated_at": "2021-12-19T15:49:32.764Z", "address": "P.O. Box 724, 7293 Sed, Ave", "state": "Saskatchewan", "city": "Saskatchewan", "zip_code": "8487", "country": "Chile"}}, {"model": "app_alumni.address", "pk": 74, "fields": {"created_at": "2021-12-19T15:40:46.479Z", "updated_at": "2021-12-19T15:49:32.764Z", "address": "7116 Diam St.", "state": "Quebec", "city": "Quebec", "zip_code": "2484", "country": "Belgium"}}, {"model": "app_alumni.address", "pk": 75, "fields": {"created_at": "2021-12-19T15:40:46.479Z", "updated_at": "2021-12-19T15:49:32.764Z", "address": "Ap #986-8528 Tempor Street", "state": "North Gyeongsang", "city": "North Gyeongsang", "zip_code": "58-226", "country": "India"}}, {"model": "app_alumni.address", "pk": 76, "fields": {"created_at": "2021-12-19T15:40:46.479Z", "updated_at": "2021-12-19T15:49:32.764Z", "address": "Ap #292-3841 Eu Ave", "state": "Los Lagos", "city": "Los Lagos", "zip_code": "2288", "country": "New Zealand"}}, {"model": "app_alumni.address", "pk": 77, "fields": {"created_at": "2021-12-19T15:40:46.479Z", "updated_at": "2021-12-19T15:49:32.764Z", "address": "441-9560 In St.", "state": "Tin Giang", "city": "Tin Giang", "zip_code": "7224", "country": "South Korea"}}, {"model": "app_alumni.address", "pk": 78, "fields": {"created_at": "2021-12-19T15:40:46.479Z", "updated_at": "2021-12-19T15:49:32.764Z", "address": "300-5634 Sem Av.", "state": "Utrecht", "city": "Utrecht", "zip_code": "22159-79543", "country": "Costa Rica"}}, {"model": "app_alumni.address", "pk": 79, "fields": {"created_at": "2021-12-19T15:40:46.479Z", "updated_at": "2021-12-19T15:49:32.764Z", "address": "709-8888 Tellus. St.", "state": "FATA", "city": "FATA", "zip_code": "26053", "country": "Chile"}}, {"model": "app_alumni.address", "pk": 80, "fields": {"created_at": "2021-12-19T15:40:46.479Z", "updated_at": "2021-12-19T15:49:32.764Z", "address": "742-974 Dictum. Rd.", "state": "Berlin", "city": "Berlin", "zip_code": "6473", "country": "New Zealand"}}, {"model": "app_alumni.address", "pk": 81, "fields": {"created_at": "2021-12-19T15:40:46.479Z", "updated_at": "2021-12-19T15:49:32.764Z", "address": "330-9574 Nisl. Avenue", "state": "Kocaeli", "city": "Kocaeli", "zip_code": "5643", "country": "Mexico"}}, {"model": "app_alumni.address", "pk": 82, "fields": {"created_at": "2021-12-19T15:40:46.479Z", "updated_at": "2021-12-19T15:49:32.764Z", "address": "Ap #145-3695 Amet Avenue", "state": "Samsun", "city": "Samsun", "zip_code": "626148", "country": "China"}}, {"model": "app_alumni.address", "pk": 83, "fields": {"created_at": "2021-12-19T15:40:46.479Z", "updated_at": "2021-12-19T15:49:32.764Z", "address": "446-6436 Dapibus Road", "state": "Lagos", "city": "Lagos", "zip_code": "6046", "country": "Pakistan"}}, {"model": "app_alumni.address", "pk": 84, "fields": {"created_at": "2021-12-19T15:40:46.479Z", "updated_at": "2021-12-19T15:49:32.764Z", "address": "Ap #108-1663 Mauris Rd.", "state": "Tarapac", "city": "Tarapac", "zip_code": "30802", "country": "Peru"}}, {"model": "app_alumni.address", "pk": 85, "fields": {"created_at": "2021-12-19T15:40:46.479Z", "updated_at": "2021-12-19T15:49:32.764Z", "address": "433-4254 Nunc Ave", "state": "Umbria", "city": "Umbria", "zip_code": "32577-54164", "country": "Sweden"}}, {"model": "app_alumni.address", "pk": 86, "fields": {"created_at": "2021-12-19T15:40:46.479Z", "updated_at": "2021-12-19T15:49:32.764Z", "address": "Ap #262-7440 Ornare Avenue", "state": "Dalarnas ln", "city": "Dalarnas ln", "zip_code": "50206", "country": "Russian Federation"}}, {"model": "app_alumni.address", "pk": 87, "fields": {"created_at": "2021-12-19T15:40:46.479Z", "updated_at": "2021-12-19T15:49:32.764Z", "address": "P.O. Box 258, 9774 Feugiat Avenue", "state": "Munster", "city": "Munster", "zip_code": "27652", "country": "Netherlands"}}, {"model": "app_alumni.address", "pk": 88, "fields": {"created_at": "2021-12-19T15:40:46.479Z", "updated_at": "2021-12-19T15:49:32.764Z", "address": "951-8247 Amet Street", "state": "Magallanes y Antrtica Chilena", "city": "Magallanes y Antrtica Chilena", "zip_code": "04374", "country": "Chile"}}, {"model": "app_alumni.address", "pk": 89, "fields": {"created_at": "2021-12-19T15:40:46.479Z", "updated_at": "2021-12-19T15:49:32.764Z", "address": "748-2577 Duis Road", "state": "North Jeolla", "city": "North Jeolla", "zip_code": "608480", "country": "Vietnam"}}, {"model": "app_alumni.address", "pk": 90, "fields": {"created_at": "2021-12-19T15:40:46.479Z", "updated_at": "2021-12-19T15:49:32.764Z", "address": "339-4815 Et Rd.", "state": "Dalarnas ln", "city": "Dalarnas ln", "zip_code": "2716 KP", "country": "Chile"}}, {"model": "app_alumni.address", "pk": 91, "fields": {"created_at": "2021-12-19T15:40:46.479Z", "updated_at": "2021-12-19T15:49:32.764Z", "address": "Ap #980-3643 Justo St.", "state": "FATA", "city": "FATA", "zip_code": "7568", "country": "Pakistan"}}, {"model": "app_alumni.address", "pk": 92, "fields": {"created_at": "2021-12-19T15:40:46.479Z", "updated_at": "2021-12-19T15:49:32.764Z", "address": "Ap #437-2638 Dolor Rd.", "state": "Lower Austria", "city": "Lower Austria", "zip_code": "7443", "country": "Poland"}}, {"model": "app_alumni.address", "pk": 93, "fields": {"created_at": "2021-12-19T15:40:46.479Z", "updated_at": "2021-12-19T15:49:32.764Z", "address": "177-3811 Sed Road", "state": "Gois", "city": "Gois", "zip_code": "07766", "country": "United Kingdom"}}, {"model": "app_alumni.address", "pk": 94, "fields": {"created_at": "2021-12-19T15:40:46.479Z", "updated_at": "2021-12-19T15:49:32.764Z", "address": "425-9578 Sed Av.", "state": "Arunachal Pradesh", "city": "Arunachal Pradesh", "zip_code": "8445", "country": "South Korea"}}, {"model": "app_alumni.address", "pk": 95, "fields": {"created_at": "2021-12-19T15:40:46.479Z", "updated_at": "2021-12-19T15:49:32.764Z", "address": "690-2750 Fermentum Rd.", "state": "Hubi", "city": "Hubi", "zip_code": "51012", "country": "Peru"}}, {"model": "app_alumni.address", "pk": 96, "fields": {"created_at": "2021-12-19T15:40:46.479Z", "updated_at": "2021-12-19T15:49:32.764Z", "address": "5761 Diam Road", "state": "Hi Phng", "city": "Hi Phng", "zip_code": "43827", "country": "United States"}}, {"model": "app_alumni.address", "pk": 97, "fields": {"created_at": "2021-12-19T15:40:46.479Z", "updated_at": "2021-12-19T15:49:32.764Z", "address": "4133 Mollis Avenue", "state": "FATA", "city": "FATA", "zip_code": "3321", "country": "Indonesia"}}, {"model": "app_alumni.address", "pk": 98, "fields": {"created_at": "2021-12-19T15:40:46.479Z", "updated_at": "2021-12-19T15:49:32.764Z", "address": "Ap #665-5206 Non, St.", "state": "Hertfordshire", "city": "Hertfordshire", "zip_code": "42819", "country": "Brazil"}}, {"model": "app_alumni.address", "pk": 99, "fields": {"created_at": "2021-12-19T15:40:46.479Z", "updated_at": "2021-12-19T15:49:32.764Z", "address": "Ap #906-4818 Integer St.", "state": "Oaxaca", "city": "Oaxaca", "zip_code": "7996", "country": "Poland"}}, {"model": "app_alumni.address", "pk": 100, "fields": {"created_at": "2021-12-19T15:40:46.479Z", "updated_at": "2021-12-19T15:49:32.764Z", "address": "Ap #784-623 Eget Avenue", "state": "Gelderland", "city": "Gelderland", "zip_code": "64563", "country": "Peru"}}, {"model": "app_alumni.address", "pk": 101, "fields": {"created_at": "2021-12-19T15:40:46.479Z", "updated_at": "2021-12-19T15:49:32.764Z", "address": "P.O. Box 585, 5458 Ut Rd.", "state": "Victoria", "city": "Victoria", "zip_code": "132804", "country": "Italy"}}, {"model": "app_alumni.address", "pk": 102, "fields": {"created_at": "2021-12-19T15:40:46.479Z", "updated_at": "2021-12-19T15:49:32.764Z", "address": "892-6697 Vitae Road", "state": "Switokrzyskie", "city": "Switokrzyskie", "zip_code": "49448", "country": "Canada"}}, {"model": "app_alumni.address", "pk": 103, "fields": {"created_at": "2022-03-28T18:07:00.696Z", "updated_at": "2022-03-28T18:07:00.696Z", "address": "Lakecity, Akhalia, Sylhet", "state": "Sylhet", "city": "Sylhet", "zip_code": "3114", "country": "Bangladesh"}}, {"model": "app_alumni.address", "pk": 104, "fields": {"created_at": "2022-03-28T18:07:00.704Z", "updated_at": "2022-03-28T18:07:00.704Z", "address": "Lakecity, Akhalia, Sylhet", "state": "Sylhet", "city": "Sylhet", "zip_code": "3114", "country": "Bangladesh"}}, {"model": "app_alumni.address", "pk": 105, "fields": {"created_at": "2022-03-28T18:08:10.245Z", "updated_at": "2022-03-28T18:08:10.245Z", "address": "Lakecity, Akhalia, Sylhet", "state": "Sylhet", "city": "Sylhet", "zip_code": "3114", "country": "Bangladesh"}}, {"model": "app_alumni.address", "pk": 106, "fields": {"created_at": "2022-03-28T18:08:10.249Z", "updated_at": "2022-03-28T18:08:10.249Z", "address": "Lakecity, Akhalia, Sylhet", "state": "Sylhet", "city": "Sylhet", "zip_code": "3114", "country": "Bangladesh"}}, {"model": "app_alumni.address", "pk": 107, "fields": {"created_at": "2022-03-28T18:12:13.968Z", "updated_at": "2022-03-28T18:12:13.968Z", "address": "Lakecity, Akhalia, Sylhet", "state": "Sylhet", "city": "Sylhet", "zip_code": "3114", "country": "Bangladesh"}}, {"model": "app_alumni.address", "pk": 108, "fields": {"created_at": "2022-03-28T18:12:13.971Z", "updated_at": "2022-03-28T18:12:13.971Z", "address": "Lakecity, Akhalia, Sylhet", "state": "Sylhet", "city": "Sylhet", "zip_code": "3114", "country": "Bangladesh"}}, {"model": "app_alumni.address", "pk": 109, "fields": {"created_at": "2022-03-28T18:13:36.398Z", "updated_at": "2022-03-28T18:13:36.398Z", "address": "Lakecity, Akhalia, Sylhet", "state": "Sylhet", "city": "Sylhet", "zip_code": "3114", "country": "Bangladesh"}}, {"model": "app_alumni.address", "pk": 110, "fields": {"created_at": "2022-03-28T18:13:36.402Z", "updated_at": "2022-03-28T18:13:36.402Z", "address": "Lakecity, Akhalia, Sylhet", "state": "Sylhet", "city": "Sylhet", "zip_code": "3114", "country": "Bangladesh"}}]